OrderID,OrderDate,Region,Category,Product,Quantity,UnitPrice,Revenue,Profit,CustomerAge,CustomerGender
ORD00001,2025-07-12,North,Electronics,Smartphone,1,26207.75,26207.75,2738.43,55,Female
ORD00002,2025-10-27,West,Electronics,Laptop,1,50530.65,50530.65,5218.1,32,Female
ORD00003,2024-08-08,East,Furniture,Chair,1,4732.93,4732.93,1009.97,24,Male
ORD00004,2025-04-15,North,Clothing,T-Shirt,2,874.62,1749.24,452.51,42,Male
ORD00005,2024-10-23,North,Furniture,Chair,6,4569.62,27417.72,4301.12,32,Male
ORD00006,2025-11-17,East,Clothing,T-Shirt,5,891.61,4458.05,1431.28,62,Male
ORD00007,2025-07-24,South,Electronics,Headphones,4,2798.04,11192.16,1320.07,61,Female
ORD00008,2025-08-03,East,Electronics,Laptop,4,58539.83,234159.32,37583.64,31,Female
ORD00009,2025-08-21,West,Clothing,T-Shirt,8,835.72,6685.76,2392.13,55,Female
ORD00010,2024-04-22,South,Furniture,Sofa,4,38481.28,153925.12,34483.44,58,Male
ORD00011,2025-07-20,North,Clothing,T-Shirt,2,879.26,1758.52,528.05,61,Male
ORD00012,2024-09-26,South,Furniture,Chair,6,4150.4,24902.4,5430.18,50,Male
ORD00013,2025-06-27,North,Furniture,Chair,4,4187.56,16750.24,3867.75,56,Female
ORD00014,2024-09-02,North,Clothing,Jeans,1,1660.27,1660.27,682.96,33,Male
ORD00015,2025-11-06,West,Electronics,Smartphone,8,26580.12,212640.96,37807.23,53,Male
ORD00016,2025-12-31,East,Furniture,Chair,7,4917.93,34425.51,9063.88,43,Female
ORD00017,2024-08-23,South,Clothing,Jeans,8,1663.56,13308.48,4893.02,18,Male
ORD00018,2024-10-12,West,Electronics,Laptop,4,50241.4,200965.6,16708.54,31,Male
ORD00019,2025-03-17,East,Clothing,Jeans,4,1902.46,7609.84,2049.99,45,Female
ORD00020,2024-12-13,North,Clothing,Jeans,1,1862.41,1862.41,615.57,33,Male
ORD00021,2024-03-18,West,Furniture,Table,8,11136.44,89091.52,19546.16,53,Male
ORD00022,2025-05-12,West,Electronics,Laptop,1,60158.96,60158.96,10385.64,31,Female
ORD00023,2025-04-10,East,Electronics,Laptop,3,53668.7,161006.1,28744.56,45,Female
ORD00024,2024-11-17,North,Electronics,Headphones,4,2878.02,11512.08,2036.15,21,Female
ORD00025,2025-11-22,South,Electronics,Headphones,1,3276.47,3276.47,288.37,43,Male
ORD00026,2024-09-24,South,Furniture,Table,1,12286.52,12286.52,2918.67,60,Female
ORD00027,2024-03-15,North,Furniture,Table,5,11749.89,58749.45,11456.12,47,Male
ORD00028,2024-09-07,East,Electronics,Smartphone,4,25029.42,100117.68,9335.54,36,Male
ORD00029,2025-07-21,East,Clothing,Jeans,5,1840.2,9201.0,2314.65,60,Male
ORD00030,2025-09-11,South,Electronics,Headphones,5,2769.26,13846.3,1255.91,63,Female
ORD00031,2025-10-11,West,Furniture,Table,5,12012.98,60064.9,17192.01,35,Male
ORD00032,2025-07-18,West,Electronics,Laptop,6,57982.31,347893.86,49996.29,53,Male
ORD00033,2025-01-13,South,Electronics,Smartphone,2,27225.25,54450.5,8118.68,45,Male
ORD00034,2025-01-01,South,Electronics,Laptop,5,53511.17,267555.85,46369.78,61,Male
ORD00035,2024-06-07,South,Electronics,Smartphone,6,26400.58,158403.48,26677.28,28,Male
ORD00036,2025-11-16,South,Clothing,T-Shirt,1,842.28,842.28,279.93,35,Male
ORD00037,2025-04-16,East,Electronics,Smartphone,7,26860.83,188025.81,31185.83,37,Male
ORD00038,2024-10-12,East,Furniture,Table,1,12384.08,12384.08,2375.15,59,Female
ORD00039,2024-09-28,North,Furniture,Sofa,1,32307.39,32307.39,5711.47,24,Female
ORD00040,2024-07-13,East,Furniture,Sofa,6,34554.76,207328.56,34695.79,20,Female
ORD00041,2024-11-17,North,Electronics,Laptop,4,53506.44,214025.76,18619.68,64,Female
ORD00042,2025-11-11,West,Furniture,Chair,7,4343.56,30404.92,7089.27,61,Male
ORD00043,2025-08-16,East,Furniture,Chair,7,4543.14,31801.98,6138.96,47,Female
ORD00044,2025-11-05,North,Clothing,Jeans,4,1804.02,7216.08,2866.17,36,Female
ORD00045,2024-09-07,West,Electronics,Smartphone,4,25863.98,103455.92,10600.51,57,Male
ORD00046,2025-02-13,South,Clothing,Jeans,7,1939.01,13573.07,4435.62,27,Male
ORD00047,2025-07-24,South,Electronics,Smartphone,7,23594.21,165159.47,26493.39,25,Female
ORD00048,2025-03-29,West,Electronics,Headphones,8,3100.55,24804.4,4434.76,53,Female
ORD00049,2025-06-17,West,Electronics,Headphones,8,2970.04,23760.32,3687.07,58,Male
ORD00050,2025-07-07,North,Furniture,Chair,8,4119.74,32957.92,6286.96,26,Male
ORD00051,2025-07-09,West,Furniture,Table,7,12465.48,87258.36,13929.43,44,Male
ORD00052,2025-08-12,West,Furniture,Table,7,11734.74,82143.18,23978.36,48,Male
ORD00053,2025-07-13,South,Furniture,Sofa,5,36774.33,183871.65,53877.07,49,Male
ORD00054,2024-06-18,West,Furniture,Chair,7,4487.08,31409.56,7862.79,26,Male
ORD00055,2024-09-23,West,Clothing,T-Shirt,1,825.11,825.11,236.27,38,Male
ORD00056,2025-03-07,East,Clothing,Jeans,6,1741.5,10449.0,4600.08,23,Female
ORD00057,2025-10-29,North,Electronics,Laptop,1,60498.99,60498.99,6957.14,19,Male
ORD00058,2024-08-11,West,Furniture,Table,1,12291.21,12291.21,2716.78,62,Female
ORD00059,2024-06-16,East,Furniture,Sofa,3,35741.25,107223.75,27637.31,24,Male
ORD00060,2025-10-04,South,Furniture,Chair,7,4406.99,30848.93,4979.0,24,Female
ORD00061,2024-12-15,North,Electronics,Smartphone,1,24236.02,24236.02,2977.1,44,Female
ORD00062,2025-03-21,South,Electronics,Smartphone,7,27303.94,191127.58,27437.99,64,Female
ORD00063,2024-03-29,East,Clothing,Jeans,8,1776.81,14214.48,5974.95,46,Male
ORD00064,2024-12-29,East,Clothing,Jeans,7,1741.1,12187.7,4235.35,39,Female
ORD00065,2025-07-22,South,Furniture,Chair,1,4514.96,4514.96,840.7,62,Female
ORD00066,2024-11-09,East,Clothing,Jeans,8,1905.46,15243.68,5920.0,48,Female
ORD00067,2024-07-16,East,Clothing,T-Shirt,6,873.33,5239.98,1551.6,25,Male
ORD00068,2025-09-03,East,Furniture,Table,4,12572.65,50290.6,11991.19,24,Male
ORD00069,2024-02-16,North,Furniture,Chair,4,4374.79,17499.16,4483.33,53,Female
ORD00070,2024-12-14,South,Electronics,Headphones,8,2761.55,22092.4,1794.49,21,Female
ORD00071,2024-02-24,South,Clothing,Jeans,2,1915.96,3831.92,1440.38,27,Female
ORD00072,2024-08-19,West,Electronics,Smartphone,4,23092.26,92369.04,14450.61,46,Female
ORD00073,2024-07-31,South,Furniture,Chair,7,4324.84,30273.88,7309.47,34,Male
ORD00074,2025-08-31,West,Electronics,Headphones,4,2804.29,11217.16,981.57,36,Male
ORD00075,2024-09-27,South,Furniture,Table,5,12496.69,62483.45,13627.93,45,Male
ORD00076,2024-11-10,East,Furniture,Table,3,12980.19,38940.57,6258.2,46,Male
ORD00077,2024-03-23,North,Clothing,Jeans,5,1871.9,9359.5,3264.21,45,Female
ORD00078,2024-01-22,East,Furniture,Chair,1,4132.19,4132.19,1137.98,54,Male
ORD00079,2025-03-22,West,Electronics,Headphones,8,3011.38,24091.04,2992.66,23,Female
ORD00080,2025-12-11,West,Furniture,Sofa,7,33833.16,236832.12,65995.63,36,Female
ORD00081,2025-06-10,North,Electronics,Laptop,8,50468.66,403749.28,42490.53,60,Female
ORD00082,2024-02-22,South,Clothing,T-Shirt,1,843.76,843.76,316.48,35,Male
ORD00083,2024-09-02,South,Furniture,Chair,8,4842.76,38742.08,5979.08,37,Male
ORD00084,2025-10-25,South,Clothing,T-Shirt,2,850.45,1700.9,747.4,49,Female
ORD00085,2025-01-27,South,Furniture,Chair,7,4801.25,33608.75,6270.04,56,Male
ORD00086,2024-09-30,North,Electronics,Smartphone,5,26363.38,131816.9,21807.95,36,Female
ORD00087,2025-01-21,West,Clothing,Jeans,3,1780.76,5342.28,2150.67,38,Male
ORD00088,2025-12-23,West,Furniture,Table,7,11360.55,79523.85,12449.23,42,Male
ORD00089,2025-03-26,North,Clothing,Jeans,1,1665.45,1665.45,449.79,51,Female
ORD00090,2024-09-28,East,Electronics,Laptop,3,54009.76,162029.28,23571.72,57,Female
ORD00091,2025-05-14,North,Electronics,Smartphone,6,26761.71,160570.26,26644.1,57,Male
ORD00092,2025-10-10,North,Furniture,Table,5,13193.82,65969.1,14189.67,46,Male
ORD00093,2024-05-29,South,Furniture,Chair,1,4091.39,4091.39,793.75,51,Female
ORD00094,2025-05-24,South,Electronics,Headphones,3,2805.04,8415.12,1186.1,32,Female
ORD00095,2025-11-24,South,Furniture,Chair,8,4279.79,34238.32,9268.14,22,Female
ORD00096,2024-07-22,West,Furniture,Sofa,5,35972.57,179862.85,33726.93,48,Male
ORD00097,2025-11-05,West,Furniture,Table,7,12172.61,85208.27,25469.08,35,Male
ORD00098,2024-12-26,South,Electronics,Laptop,8,58661.23,469289.84,79917.01,58,Male
ORD00099,2025-03-27,North,Furniture,Chair,3,4615.42,13846.26,3419.35,55,Female
ORD00100,2025-07-06,East,Electronics,Headphones,2,3245.78,6491.56,731.42,51,Female
ORD00101,2024-12-12,North,Electronics,Headphones,5,3248.43,16242.15,2832.94,47,Male
ORD00102,2025-07-24,East,Electronics,Headphones,4,3216.08,12864.32,1960.8,23,Female
ORD00103,2025-08-21,West,Electronics,Laptop,5,55402.3,277011.5,34759.02,58,Female
ORD00104,2025-09-16,South,Electronics,Smartphone,4,24857.38,99429.52,14114.49,59,Male
ORD00105,2025-05-19,North,Clothing,Jeans,5,1853.73,9268.65,2386.14,24,Male
ORD00106,2025-03-05,South,Electronics,Headphones,7,2972.19,20805.33,3059.4,44,Male
ORD00107,2025-03-31,South,Clothing,Jeans,7,1958.06,13706.42,4022.2,41,Male
ORD00108,2025-04-10,North,Furniture,Sofa,6,31923.85,191543.1,56549.47,60,Male
ORD00109,2024-03-11,South,Electronics,Laptop,1,58154.74,58154.74,6068.85,55,Male
ORD00110,2024-05-28,South,Furniture,Table,6,12658.48,75950.88,18182.43,52,Female
ORD00111,2024-08-31,East,Electronics,Headphones,2,3096.63,6193.26,511.43,19,Male
ORD00112,2025-04-04,East,Furniture,Chair,1,4164.08,4164.08,695.6,50,Male
ORD00113,2025-06-17,East,Clothing,Jeans,4,1960.35,7841.4,3320.02,47,Male
ORD00114,2025-03-30,North,Electronics,Laptop,8,58820.28,470562.24,57703.81,23,Female
ORD00115,2025-01-25,East,Electronics,Headphones,2,2775.71,5551.42,790.7,47,Female
ORD00116,2024-08-08,West,Electronics,Smartphone,2,26763.96,53527.92,7766.46,46,Male
ORD00117,2024-11-16,East,Clothing,T-Shirt,6,958.94,5753.64,1798.07,41,Male
ORD00118,2025-01-16,South,Clothing,Jeans,2,1652.84,3305.68,1318.69,53,Male
ORD00119,2024-02-22,East,Furniture,Sofa,2,34375.66,68751.32,20018.29,56,Female
ORD00120,2024-04-20,East,Furniture,Sofa,2,35545.43,71090.86,17666.82,53,Female
ORD00121,2025-09-28,North,Electronics,Smartphone,5,25370.5,126852.5,20388.0,56,Female
ORD00122,2024-07-04,South,Electronics,Laptop,3,52505.97,157517.91,24610.75,54,Female
ORD00123,2025-01-20,West,Electronics,Smartphone,3,26204.85,78614.55,13929.01,47,Female
ORD00124,2024-02-23,South,Electronics,Headphones,6,2886.98,17321.88,1947.64,28,Male
ORD00125,2024-08-08,North,Electronics,Smartphone,5,24715.56,123577.8,15126.11,40,Female
ORD00126,2024-08-13,West,Electronics,Smartphone,5,25891.09,129455.45,18034.88,56,Male
ORD00127,2024-12-01,North,Electronics,Laptop,4,52815.61,211262.44,21363.58,18,Female
ORD00128,2025-11-15,East,Clothing,T-Shirt,3,833.25,2499.75,904.27,22,Female
ORD00129,2025-08-10,West,Electronics,Laptop,7,49706.16,347943.12,59886.66,63,Female
ORD00130,2025-04-16,East,Furniture,Chair,2,4414.53,8829.06,1551.98,23,Female
ORD00131,2024-12-13,South,Electronics,Smartphone,4,24678.38,98713.52,11850.06,39,Male
ORD00132,2025-10-22,South,Electronics,Smartphone,2,25153.02,50306.04,4999.94,33,Male
ORD00133,2024-06-30,West,Electronics,Headphones,5,2818.36,14091.8,1976.23,47,Female
ORD00134,2024-10-08,North,Furniture,Sofa,6,32556.7,195340.2,42258.18,40,Male
ORD00135,2024-04-02,West,Furniture,Chair,8,4456.72,35653.76,9796.03,47,Male
ORD00136,2024-04-15,East,Clothing,Jeans,4,1735.75,6943.0,1821.67,63,Male
ORD00137,2024-06-11,East,Electronics,Headphones,1,2848.65,2848.65,352.59,41,Female
ORD00138,2024-12-08,North,Clothing,T-Shirt,7,949.4,6645.8,2500.0,39,Male
ORD00139,2024-06-02,East,Clothing,T-Shirt,5,855.36,4276.8,1584.73,23,Male
ORD00140,2024-03-27,East,Furniture,Sofa,5,38273.88,191369.4,39956.72,53,Female
ORD00141,2025-06-23,North,Furniture,Sofa,3,36190.81,108572.43,28317.45,59,Female
ORD00142,2025-05-12,South,Furniture,Sofa,1,34038.18,34038.18,6199.34,32,Male
ORD00143,2025-06-23,North,Electronics,Headphones,2,2877.48,5754.96,913.96,60,Female
ORD00144,2024-06-18,West,Electronics,Headphones,7,2792.55,19547.85,1917.34,20,Female
ORD00145,2024-08-27,South,Furniture,Sofa,4,38287.12,153148.48,40256.41,37,Female
ORD00146,2025-01-26,West,Furniture,Table,6,12427.94,74567.64,16113.29,28,Male
ORD00147,2025-12-29,North,Electronics,Headphones,5,2731.31,13656.55,1748.85,36,Male
ORD00148,2024-08-15,West,Electronics,Headphones,5,2969.59,14847.95,1950.06,40,Male
ORD00149,2024-08-17,North,Clothing,T-Shirt,1,881.36,881.36,234.72,38,Male
ORD00150,2024-05-22,West,Furniture,Sofa,3,32463.2,97389.6,26729.96,46,Male
ORD00151,2025-06-24,West,Electronics,Smartphone,1,23779.62,23779.62,3887.88,25,Female
ORD00152,2024-03-05,North,Furniture,Table,5,11092.44,55462.2,13634.98,49,Male
ORD00153,2024-07-10,North,Furniture,Table,3,11499.05,34497.15,7000.24,51,Female
ORD00154,2024-09-16,North,Electronics,Smartphone,1,24452.27,24452.27,3105.77,40,Male
ORD00155,2024-12-06,South,Furniture,Sofa,4,36630.59,146522.36,38934.68,20,Female
ORD00156,2024-07-05,South,Furniture,Sofa,3,37312.69,111938.07,33259.36,22,Female
ORD00157,2024-11-13,West,Electronics,Laptop,5,51717.5,258587.5,41144.1,52,Female
ORD00158,2025-11-02,East,Furniture,Chair,1,4727.96,4727.96,962.36,35,Male
ORD00159,2024-07-10,West,Furniture,Sofa,7,37726.41,264084.87,75051.76,62,Female
ORD00160,2024-07-03,East,Furniture,Sofa,5,37108.04,185540.2,30027.65,38,Male
ORD00161,2025-12-07,West,Electronics,Smartphone,6,25804.6,154827.6,17131.61,40,Female
ORD00162,2024-02-28,North,Electronics,Laptop,6,56263.37,337580.22,41689.15,60,Female
ORD00163,2024-02-05,South,Furniture,Sofa,3,38169.53,114508.59,27612.14,22,Male
ORD00164,2025-01-14,East,Furniture,Sofa,6,34179.98,205079.88,49375.9,46,Male
ORD00165,2024-07-09,West,Electronics,Headphones,6,2938.82,17632.92,2556.0,51,Female
ORD00166,2025-12-11,West,Electronics,Smartphone,5,26374.82,131874.1,19834.36,30,Male
ORD00167,2025-11-29,East,Electronics,Headphones,2,2971.23,5942.46,1009.43,60,Female
ORD00168,2025-10-15,South,Electronics,Smartphone,5,26956.66,134783.3,22257.6,41,Male
ORD00169,2025-08-09,East,Electronics,Smartphone,4,26460.33,105841.32,10972.95,47,Male
ORD00170,2025-02-23,North,Electronics,Smartphone,2,24046.45,48092.9,8654.77,26,Female
ORD00171,2025-07-18,South,Electronics,Smartphone,8,24829.17,198633.36,26167.16,26,Female
ORD00172,2024-08-18,East,Electronics,Laptop,2,55199.12,110398.24,12189.34,51,Female
ORD00173,2025-09-21,North,Electronics,Smartphone,5,23481.51,117407.55,20620.89,50,Male
ORD00174,2025-07-31,North,Electronics,Headphones,3,3095.24,9285.72,1412.02,19,Male
ORD00175,2025-05-24,East,Electronics,Laptop,5,56662.43,283312.15,44393.85,59,Female
ORD00176,2024-03-02,South,Clothing,Jeans,4,1909.69,7638.76,2021.17,46,Female
ORD00177,2024-12-19,West,Clothing,Jeans,8,1693.45,13547.6,5333.32,26,Female
ORD00178,2024-02-21,East,Electronics,Smartphone,6,23708.69,142252.14,13123.07,42,Female
ORD00179,2024-06-12,West,Furniture,Table,3,12752.35,38257.05,9876.79,50,Female
ORD00180,2024-09-03,South,Clothing,Jeans,5,1799.05,8995.25,3071.39,55,Female
ORD00181,2024-10-19,North,Electronics,Laptop,1,52594.92,52594.92,7350.24,24,Female
ORD00182,2025-08-06,South,Electronics,Headphones,5,3136.5,15682.5,2452.52,41,Female
ORD00183,2025-11-27,North,Electronics,Smartphone,7,25021.28,175148.96,27400.38,26,Male
ORD00184,2024-07-22,West,Clothing,T-Shirt,6,953.08,5718.48,2293.07,50,Male
ORD00185,2025-09-12,South,Electronics,Laptop,1,51007.4,51007.4,5779.35,38,Female
ORD00186,2025-06-05,West,Electronics,Headphones,7,3294.37,23060.59,3549.76,63,Female
ORD00187,2025-12-05,North,Clothing,Jeans,1,1752.61,1752.61,642.75,56,Female
ORD00188,2025-09-26,West,Furniture,Chair,4,4699.26,18797.04,3300.32,27,Male
ORD00189,2024-07-27,West,Electronics,Laptop,2,51598.63,103197.26,12807.18,50,Female
ORD00190,2025-01-20,East,Electronics,Laptop,3,55205.52,165616.56,22538.54,29,Female
ORD00191,2024-09-27,West,Furniture,Sofa,6,36231.08,217386.48,54805.71,30,Male
ORD00192,2024-07-31,West,Furniture,Chair,5,4252.38,21261.9,4138.46,38,Female
ORD00193,2025-02-08,East,Furniture,Sofa,5,33514.53,167572.65,38789.49,27,Female
ORD00194,2025-05-05,South,Electronics,Laptop,5,60008.45,300042.25,26374.6,30,Female
ORD00195,2025-06-27,South,Furniture,Chair,3,4148.3,12444.9,2313.41,58,Male
ORD00196,2024-01-06,South,Electronics,Laptop,2,54046.32,108092.64,16401.52,44,Female
ORD00197,2024-04-01,South,Clothing,Jeans,4,1892.13,7568.52,1981.68,52,Male
ORD00198,2025-02-10,West,Electronics,Headphones,7,3229.35,22605.45,2205.81,29,Female
ORD00199,2025-04-10,West,Electronics,Laptop,1,52782.31,52782.31,7404.21,26,Female
ORD00200,2024-07-09,North,Furniture,Chair,4,4777.93,19111.72,4962.7,65,Female
ORD00201,2025-06-11,East,Furniture,Chair,4,4207.95,16831.8,4789.6,23,Female
ORD00202,2025-01-27,South,Electronics,Smartphone,3,27408.43,82225.29,10503.9,46,Female
ORD00203,2024-08-29,North,Furniture,Sofa,5,35577.23,177886.15,33661.92,60,Male
ORD00204,2024-11-14,North,Clothing,Jeans,5,1677.5,8387.5,3586.16,58,Female
ORD00205,2025-09-12,East,Furniture,Sofa,4,33033.9,132135.6,22856.53,44,Female
ORD00206,2025-06-24,East,Furniture,Table,4,12432.82,49731.28,13333.23,22,Male
ORD00207,2024-04-29,South,Electronics,Laptop,4,55799.72,223198.88,21200.6,63,Female
ORD00208,2024-02-29,West,Electronics,Smartphone,8,26543.46,212347.68,26616.34,61,Female
ORD00209,2025-03-09,East,Electronics,Laptop,7,52299.03,366093.21,29397.85,62,Male
ORD00210,2024-05-18,West,Electronics,Laptop,2,60347.51,120695.02,15353.27,41,Female
ORD00211,2025-10-31,East,Clothing,Jeans,7,1755.23,12286.61,4396.89,25,Male
ORD00212,2024-11-01,West,Clothing,T-Shirt,3,941.01,2823.03,718.59,61,Female
ORD00213,2024-04-25,North,Clothing,T-Shirt,4,854.55,3418.2,1495.4,60,Female
ORD00214,2025-12-21,North,Electronics,Laptop,4,51766.9,207067.6,18654.65,33,Male
ORD00215,2025-05-30,East,Clothing,T-Shirt,8,852.18,6817.44,1781.32,32,Female
ORD00216,2024-11-03,East,Furniture,Sofa,4,33612.35,134449.4,33482.18,21,Male
ORD00217,2025-06-21,East,Clothing,T-Shirt,8,818.44,6547.52,2136.0,62,Female
ORD00218,2024-08-18,East,Clothing,T-Shirt,3,863.98,2591.94,772.9,63,Male
ORD00219,2024-09-05,East,Clothing,Jeans,1,1822.46,1822.46,504.49,31,Female
ORD00220,2024-10-01,West,Electronics,Smartphone,8,26735.67,213885.36,19088.5,61,Male
ORD00221,2024-08-01,East,Electronics,Smartphone,4,26523.25,106093.0,14721.29,37,Male
ORD00222,2024-09-05,South,Furniture,Table,4,13108.99,52435.96,15727.42,43,Male
ORD00223,2025-06-09,West,Furniture,Sofa,5,34164.63,170823.15,34828.95,47,Male
ORD00224,2024-08-14,South,Clothing,Jeans,6,1949.16,11694.96,4239.48,19,Female
ORD00225,2025-05-26,East,Clothing,T-Shirt,5,837.43,4187.15,1744.67,34,Female
ORD00226,2025-05-15,South,Clothing,Jeans,8,1680.56,13444.48,5297.97,52,Male
ORD00227,2025-10-07,South,Electronics,Laptop,2,59897.07,119794.14,17588.36,22,Male
ORD00228,2025-09-23,West,Electronics,Laptop,4,55063.06,220252.24,25840.01,60,Female
ORD00229,2025-07-02,East,Electronics,Laptop,1,55354.34,55354.34,6705.28,19,Female
ORD00230,2024-09-15,East,Electronics,Headphones,2,3250.83,6501.66,861.07,35,Female
ORD00231,2024-11-03,North,Electronics,Smartphone,6,27296.49,163778.94,20619.73,59,Male
ORD00232,2024-06-24,North,Electronics,Smartphone,7,24396.32,170774.24,23100.66,49,Female
ORD00233,2025-12-09,West,Furniture,Sofa,2,37763.54,75527.08,13932.1,35,Male
ORD00234,2024-11-18,North,Electronics,Smartphone,5,26996.56,134982.8,18405.04,31,Male
ORD00235,2025-11-24,East,Clothing,T-Shirt,2,863.87,1727.74,725.46,42,Male
ORD00236,2025-09-20,West,Electronics,Smartphone,6,22768.48,136610.88,16899.97,38,Male
ORD00237,2025-11-27,West,Furniture,Chair,8,4491.54,35932.32,10462.46,23,Female
ORD00238,2025-02-02,East,Furniture,Table,2,10996.89,21993.78,5646.94,41,Male
ORD00239,2024-03-30,South,Electronics,Smartphone,1,27214.8,27214.8,3387.52,45,Female
ORD00240,2024-11-28,West,Clothing,T-Shirt,2,814.73,1629.46,602.26,18,Female
ORD00241,2024-09-05,South,Clothing,T-Shirt,7,950.25,6651.75,2983.62,61,Female
ORD00242,2024-10-09,West,Electronics,Headphones,3,2861.35,8584.05,917.13,37,Female
ORD00243,2024-07-19,West,Electronics,Smartphone,6,23758.5,142551.0,14919.25,24,Male
ORD00244,2024-12-03,West,Furniture,Chair,1,4903.94,4903.94,1191.8,39,Female
ORD00245,2025-02-11,East,Electronics,Headphones,5,2892.4,14462.0,2526.91,36,Female
ORD00246,2025-07-31,South,Furniture,Table,6,11702.53,70215.18,14670.78,55,Male
ORD00247,2024-03-11,West,Electronics,Laptop,8,59872.72,478981.76,48360.32,61,Female
ORD00248,2024-03-16,West,Electronics,Headphones,5,2845.21,14226.05,2075.1,56,Female
ORD00249,2025-07-03,North,Clothing,T-Shirt,7,907.86,6355.02,2726.94,24,Male
ORD00250,2025-02-13,East,Furniture,Sofa,3,36029.0,108087.0,32160.34,45,Male
ORD00251,2025-08-12,South,Electronics,Laptop,2,52346.12,104692.24,13721.76,46,Female
ORD00252,2024-01-26,West,Clothing,T-Shirt,8,949.02,7592.16,2421.85,24,Female
ORD00253,2025-04-11,South,Clothing,T-Shirt,2,830.89,1661.78,519.1,51,Female
ORD00254,2024-02-15,North,Furniture,Sofa,8,32183.36,257466.88,56093.56,19,Female
ORD00255,2024-12-04,West,Electronics,Smartphone,3,27149.61,81448.83,12547.11,47,Male
ORD00256,2024-07-21,West,Clothing,T-Shirt,3,843.55,2530.65,1005.88,55,Female
ORD00257,2024-03-05,North,Clothing,T-Shirt,1,936.85,936.85,385.74,52,Male
ORD00258,2025-10-16,East,Furniture,Sofa,6,32879.52,197277.12,49438.67,56,Female
ORD00259,2025-12-23,East,Clothing,T-Shirt,2,872.63,1745.26,720.35,57,Male
ORD00260,2025-06-07,West,Electronics,Headphones,6,2770.72,16624.32,1837.62,44,Male
ORD00261,2024-06-26,South,Clothing,T-Shirt,7,843.44,5904.08,2237.95,49,Female
ORD00262,2024-01-10,West,Electronics,Headphones,3,2888.75,8666.25,1084.15,26,Male
ORD00263,2024-06-20,North,Clothing,T-Shirt,8,883.64,7069.12,2394.81,54,Male
ORD00264,2025-08-02,West,Furniture,Table,5,10878.47,54392.35,10514.07,53,Male
ORD00265,2024-02-12,West,Electronics,Smartphone,5,26375.57,131877.85,21407.5,52,Male
ORD00266,2024-02-03,West,Clothing,T-Shirt,2,942.48,1884.96,801.04,34,Female
ORD00267,2025-08-25,East,Electronics,Smartphone,8,26826.45,214611.6,19688.17,63,Female
ORD00268,2025-06-29,East,Electronics,Headphones,3,3170.91,9512.73,1534.91,56,Male
ORD00269,2025-11-26,North,Furniture,Sofa,5,33525.33,167626.65,46717.97,26,Female
ORD00270,2025-12-29,East,Electronics,Laptop,5,59037.52,295187.6,27360.59,33,Female
ORD00271,2025-10-10,North,Clothing,Jeans,3,1827.87,5483.61,1866.61,43,Female
ORD00272,2024-04-05,West,Furniture,Sofa,8,38151.78,305214.24,45895.36,58,Female
ORD00273,2024-10-17,East,Electronics,Smartphone,7,23589.15,165124.05,20304.36,53,Male
ORD00274,2025-04-15,North,Clothing,Jeans,6,1941.9,11651.4,4372.02,25,Male
ORD00275,2024-05-15,East,Clothing,Jeans,8,1620.24,12961.92,5025.57,28,Female
ORD00276,2025-02-09,East,Electronics,Smartphone,6,23751.95,142511.7,16700.14,64,Male
ORD00277,2024-08-19,West,Clothing,T-Shirt,2,936.67,1873.34,518.05,18,Male
ORD00278,2025-01-27,North,Furniture,Sofa,2,38417.08,76834.16,13048.46,64,Male
ORD00279,2024-05-16,South,Electronics,Smartphone,6,24337.81,146026.86,16052.08,22,Male
ORD00280,2025-09-22,West,Electronics,Headphones,8,2910.71,23285.68,2358.97,31,Male
ORD00281,2024-11-18,South,Electronics,Smartphone,3,26262.23,78786.69,10947.99,33,Female
ORD00282,2025-12-08,North,Electronics,Smartphone,4,25266.98,101067.92,14149.59,60,Female
ORD00283,2024-09-02,West,Furniture,Table,4,12594.82,50379.28,7969.27,42,Male
ORD00284,2025-01-04,East,Furniture,Table,8,12331.4,98651.2,27948.74,26,Female
ORD00285,2024-03-15,North,Clothing,T-Shirt,6,908.34,5450.04,2438.75,55,Male
ORD00286,2024-10-20,West,Electronics,Laptop,5,51873.17,259365.85,44677.82,45,Female
ORD00287,2024-06-08,East,Electronics,Smartphone,3,23887.34,71662.02,7953.82,43,Male
ORD00288,2025-03-20,North,Furniture,Chair,7,4706.96,32948.72,5228.5,47,Male
ORD00289,2024-12-21,East,Furniture,Chair,3,4157.5,12472.5,3183.29,28,Female
ORD00290,2025-03-15,East,Electronics,Headphones,5,3139.76,15698.8,1441.24,51,Male
ORD00291,2024-06-19,East,Furniture,Chair,2,4496.53,8993.06,1423.74,28,Female
ORD00292,2024-09-07,North,Electronics,Smartphone,2,23642.02,47284.04,6188.65,48,Female
ORD00293,2025-11-02,West,Clothing,T-Shirt,3,842.21,2526.63,1037.49,32,Female
ORD00294,2024-05-02,North,Furniture,Table,7,12998.05,90986.35,24921.12,29,Male
ORD00295,2024-12-01,North,Electronics,Laptop,7,50258.19,351807.33,44506.94,53,Female
ORD00296,2025-04-20,East,Electronics,Laptop,6,51707.38,310244.28,42311.32,55,Female
ORD00297,2025-10-13,North,Furniture,Table,4,11161.36,44645.44,6856.94,39,Male
ORD00298,2024-03-02,South,Clothing,T-Shirt,5,828.71,4143.55,1443.64,63,Female
ORD00299,2025-01-16,West,Electronics,Smartphone,1,27106.37,27106.37,4600.73,65,Male
ORD00300,2025-11-09,South,Electronics,Smartphone,3,25686.08,77058.24,9203.46,33,Female
ORD00301,2025-04-08,East,Furniture,Chair,6,4883.44,29300.64,8051.38,32,Male
ORD00302,2025-04-22,East,Furniture,Table,3,12671.85,38015.55,6588.54,44,Male
ORD00303,2025-12-03,East,Furniture,Sofa,4,34663.42,138653.68,38528.02,63,Male
ORD00304,2024-02-20,East,Furniture,Table,6,11155.98,66935.88,19763.49,34,Male
ORD00305,2024-04-14,South,Electronics,Laptop,7,58900.61,412304.27,55906.55,25,Male
ORD00306,2025-10-22,North,Electronics,Laptop,4,50937.87,203751.48,33082.59,55,Female
ORD00307,2024-04-04,East,Electronics,Smartphone,1,27485.81,27485.81,2742.4,25,Male
ORD00308,2024-01-31,West,Clothing,Jeans,1,1680.48,1680.48,552.88,61,Female
ORD00309,2024-02-05,South,Electronics,Headphones,6,2828.83,16972.98,1675.49,59,Female
ORD00310,2025-03-05,South,Clothing,Jeans,7,1937.8,13564.6,4430.24,59,Male
ORD00311,2025-08-02,East,Electronics,Laptop,7,58101.07,406707.49,47141.96,42,Female
ORD00312,2024-02-29,West,Electronics,Headphones,1,2891.33,2891.33,294.63,51,Female
ORD00313,2024-02-27,South,Furniture,Table,3,11040.32,33120.96,6292.29,54,Female
ORD00314,2025-08-28,North,Furniture,Sofa,3,32732.7,98198.1,26604.96,63,Female
ORD00315,2024-06-28,West,Electronics,Headphones,4,3202.02,12808.08,2062.61,20,Male
ORD00316,2025-09-20,South,Electronics,Laptop,4,56118.29,224473.16,18405.18,26,Female
ORD00317,2024-04-23,East,Electronics,Headphones,6,2735.73,16414.38,1555.61,22,Female
ORD00318,2025-03-23,West,Clothing,T-Shirt,2,870.58,1741.16,690.32,59,Female
ORD00319,2025-12-06,East,Electronics,Headphones,6,2833.94,17003.64,2361.72,26,Male
ORD00320,2024-11-21,South,Electronics,Laptop,7,58858.33,412008.31,64719.52,58,Male
ORD00321,2025-10-13,North,Clothing,Jeans,3,1739.22,5217.66,1637.84,63,Female
ORD00322,2024-04-20,North,Clothing,Jeans,1,1715.48,1715.48,516.93,21,Female
ORD00323,2025-07-13,West,Clothing,Jeans,7,1968.88,13782.16,4489.44,24,Female
ORD00324,2024-09-24,North,Furniture,Table,3,11883.09,35649.27,5526.06,22,Female
ORD00325,2024-12-12,West,Electronics,Headphones,7,2796.54,19575.78,1712.89,63,Male
ORD00326,2024-07-13,West,Clothing,T-Shirt,3,919.32,2757.96,872.12,62,Female
ORD00327,2024-06-06,North,Furniture,Chair,5,4263.79,21318.95,5026.27,41,Male
ORD00328,2024-01-27,South,Clothing,T-Shirt,2,863.02,1726.04,500.44,28,Female
ORD00329,2025-11-07,East,Electronics,Smartphone,8,26718.85,213750.8,23691.14,23,Female
ORD00330,2025-04-21,East,Electronics,Headphones,6,3231.3,19387.8,2267.21,32,Female
ORD00331,2025-07-08,West,Electronics,Laptop,3,57774.59,173323.77,25434.72,55,Male
ORD00332,2025-05-01,South,Electronics,Laptop,7,58502.46,409517.22,49905.08,48,Female
ORD00333,2025-08-08,South,Electronics,Smartphone,7,27013.89,189097.23,28635.1,25,Female
ORD00334,2025-11-30,West,Electronics,Headphones,3,3283.3,9849.9,1584.32,30,Male
ORD00335,2025-02-10,East,Furniture,Chair,6,4869.72,29218.32,4676.44,35,Female
ORD00336,2024-04-12,North,Electronics,Laptop,7,50737.71,355163.97,33727.87,54,Male
ORD00337,2025-04-29,North,Furniture,Chair,6,4840.1,29040.6,7208.4,29,Female
ORD00338,2024-12-05,South,Clothing,T-Shirt,3,921.28,2763.84,909.74,21,Female
ORD00339,2025-05-18,North,Furniture,Chair,6,4068.21,24409.26,4770.99,32,Male
ORD00340,2024-04-01,South,Furniture,Chair,8,4746.63,37973.04,9847.17,46,Male
ORD00341,2024-06-11,North,Clothing,T-Shirt,8,946.71,7573.68,2673.92,37,Female
ORD00342,2024-02-03,West,Electronics,Headphones,1,2804.24,2804.24,469.76,21,Female
ORD00343,2025-11-28,North,Furniture,Table,5,11684.04,58420.2,12241.45,33,Female
ORD00344,2024-06-16,East,Clothing,Jeans,8,1683.93,13471.44,4310.21,65,Male
ORD00345,2024-08-14,South,Furniture,Chair,1,4397.91,4397.91,1037.2,61,Male
ORD00346,2025-04-30,South,Furniture,Chair,7,4511.95,31583.65,9319.41,59,Male
ORD00347,2025-10-20,East,Electronics,Laptop,4,52276.29,209105.16,33563.17,45,Female
ORD00348,2025-02-10,North,Furniture,Sofa,8,33263.99,266111.92,66948.28,18,Female
ORD00349,2024-11-28,East,Furniture,Chair,5,4665.97,23329.85,4676.29,34,Female
ORD00350,2025-09-06,West,Furniture,Table,3,12041.5,36124.5,5726.32,60,Female
ORD00351,2025-02-01,North,Electronics,Headphones,1,3093.24,3093.24,556.0,55,Male
ORD00352,2025-01-02,East,Furniture,Sofa,4,36304.23,145216.92,32145.26,28,Male
ORD00353,2024-07-06,East,Furniture,Chair,2,4473.7,8947.4,2315.39,59,Male
ORD00354,2025-01-15,East,Furniture,Table,6,11335.99,68015.94,14492.22,55,Female
ORD00355,2024-03-13,West,Clothing,Jeans,2,1789.39,3578.78,1570.58,30,Male
ORD00356,2024-12-16,West,Clothing,T-Shirt,5,884.36,4421.8,1983.04,54,Female
ORD00357,2024-06-30,East,Electronics,Headphones,6,3217.44,19304.64,1892.54,58,Male
ORD00358,2025-05-16,North,Electronics,Laptop,8,52508.81,420070.48,65581.12,26,Female
ORD00359,2025-01-17,North,Clothing,T-Shirt,7,887.22,6210.54,2215.65,38,Male
ORD00360,2024-05-12,North,Electronics,Laptop,1,56393.56,56393.56,5914.69,42,Female
ORD00361,2025-09-02,East,Electronics,Headphones,2,3194.31,6388.62,701.6,45,Male
ORD00362,2025-02-17,North,Furniture,Sofa,8,34014.76,272118.08,79516.35,32,Male
ORD00363,2025-10-28,North,Electronics,Headphones,4,3140.45,12561.8,1745.7,42,Female
ORD00364,2025-03-02,West,Electronics,Laptop,1,56781.67,56781.67,8253.6,42,Male
ORD00365,2025-03-06,North,Furniture,Chair,8,4681.68,37453.44,9470.51,60,Female
ORD00366,2024-04-26,North,Electronics,Headphones,7,3198.39,22388.73,2025.99,49,Male
ORD00367,2024-06-13,North,Furniture,Table,5,12795.6,63978.0,13031.57,53,Female
ORD00368,2025-08-10,West,Furniture,Table,8,11593.45,92747.6,23255.99,27,Male
ORD00369,2024-09-27,West,Electronics,Smartphone,2,27023.9,54047.8,7806.32,21,Male
ORD00370,2024-04-28,North,Electronics,Headphones,1,3211.35,3211.35,372.59,20,Male
ORD00371,2024-04-05,East,Electronics,Headphones,3,2897.2,8691.6,1472.82,39,Male
ORD00372,2025-05-04,West,Electronics,Smartphone,7,24501.25,171508.75,21550.74,59,Male
ORD00373,2025-03-02,West,Electronics,Smartphone,3,25980.85,77942.55,6692.51,54,Female
ORD00374,2024-05-13,West,Electronics,Headphones,7,3167.5,22172.5,3129.33,49,Male
ORD00375,2025-11-25,South,Clothing,T-Shirt,8,818.28,6546.24,2559.01,60,Female
ORD00376,2025-01-29,South,Electronics,Smartphone,7,25808.57,180659.99,18943.59,53,Male
ORD00377,2025-05-18,East,Electronics,Laptop,3,55061.24,165183.72,20966.59,33,Female
ORD00378,2024-03-21,West,Furniture,Chair,1,4506.24,4506.24,931.87,46,Female
ORD00379,2024-04-15,West,Electronics,Smartphone,8,24735.34,197882.72,18179.62,44,Male
ORD00380,2025-07-29,South,Electronics,Laptop,2,58209.62,116419.24,20526.71,59,Female
ORD00381,2025-09-26,West,Furniture,Sofa,6,37277.18,223663.08,61875.86,63,Female
ORD00382,2025-10-10,East,Clothing,Jeans,2,1655.08,3310.16,1062.65,53,Female
ORD00383,2025-02-23,North,Electronics,Smartphone,1,26984.39,26984.39,3487.52,34,Male
ORD00384,2024-12-12,North,Furniture,Table,2,13032.52,26065.04,5696.69,44,Male
ORD00385,2024-01-05,North,Electronics,Smartphone,8,24786.94,198295.52,27549.52,53,Female
ORD00386,2025-11-04,East,Clothing,Jeans,3,1869.05,5607.15,1517.92,50,Female
ORD00387,2024-05-16,South,Clothing,T-Shirt,4,859.25,3437.0,1170.54,44,Female
ORD00388,2025-11-19,South,Furniture,Sofa,4,32906.22,131624.88,25480.86,63,Male
ORD00389,2025-12-28,West,Furniture,Sofa,2,36825.43,73650.86,17486.26,61,Female
ORD00390,2024-07-23,East,Clothing,T-Shirt,1,904.09,904.09,347.22,28,Female
ORD00391,2024-02-03,East,Furniture,Chair,3,4805.44,14416.32,2800.67,46,Male
ORD00392,2025-11-11,North,Furniture,Table,7,11370.23,79591.61,21475.67,42,Female
ORD00393,2025-03-29,South,Clothing,T-Shirt,6,983.85,5903.1,1715.54,58,Female
ORD00394,2024-06-26,North,Furniture,Table,4,11506.03,46024.12,11616.43,42,Male
ORD00395,2024-12-04,West,Clothing,T-Shirt,5,910.19,4550.95,1369.85,63,Male
ORD00396,2025-11-08,East,Electronics,Laptop,3,59714.91,179144.73,25024.37,49,Female
ORD00397,2024-06-12,West,Electronics,Smartphone,6,25126.98,150761.88,26488.68,52,Female
ORD00398,2024-08-11,West,Electronics,Smartphone,6,23605.99,141635.94,14352.73,53,Male
ORD00399,2024-02-10,East,Electronics,Smartphone,6,24728.34,148370.04,25289.62,42,Male
ORD00400,2025-01-18,West,Clothing,T-Shirt,5,907.24,4536.2,1879.9,49,Male
ORD00401,2025-07-04,North,Furniture,Chair,4,4338.28,17353.12,2852.74,58,Male
ORD00402,2025-12-20,West,Furniture,Table,4,12875.88,51503.52,8528.42,59,Male
ORD00403,2024-09-14,North,Electronics,Headphones,1,2975.54,2975.54,336.75,54,Male
ORD00404,2025-11-20,North,Furniture,Chair,7,4399.23,30794.61,6619.42,52,Male
ORD00405,2025-12-03,East,Electronics,Smartphone,1,26004.41,26004.41,2269.12,56,Male
ORD00406,2024-08-13,South,Furniture,Chair,8,4393.27,35146.16,5434.4,65,Female
ORD00407,2025-10-25,East,Furniture,Chair,3,4318.25,12954.75,3819.12,18,Male
ORD00408,2024-11-08,South,Electronics,Smartphone,1,22525.15,22525.15,3145.99,65,Female
ORD00409,2025-09-23,East,Furniture,Table,7,12973.51,90814.57,15562.74,30,Male
ORD00410,2025-07-16,North,Electronics,Headphones,1,3210.83,3210.83,556.23,36,Male
ORD00411,2025-11-18,South,Furniture,Chair,2,4227.68,8455.36,2475.15,24,Female
ORD00412,2025-08-21,South,Electronics,Smartphone,4,24088.93,96355.72,12050.69,54,Female
ORD00413,2025-10-18,West,Furniture,Sofa,7,32680.48,228763.36,61274.04,35,Female
ORD00414,2025-07-18,North,Electronics,Headphones,6,3226.73,19360.38,2444.92,29,Male
ORD00415,2024-03-18,North,Furniture,Chair,3,4852.17,14556.51,3785.15,50,Male
ORD00416,2025-04-28,South,Clothing,T-Shirt,4,973.13,3892.52,1750.64,41,Female
ORD00417,2024-01-11,South,Furniture,Table,5,11121.32,55606.6,9096.3,57,Male
ORD00418,2024-05-29,West,Electronics,Headphones,8,2795.53,22364.24,3055.75,40,Male
ORD00419,2025-06-14,East,Furniture,Table,8,11356.2,90849.6,16816.52,42,Female
ORD00420,2025-10-10,East,Clothing,Jeans,1,1634.37,1634.37,725.15,65,Female
ORD00421,2025-06-13,East,Electronics,Headphones,7,3092.21,21645.47,2522.34,42,Male
ORD00422,2024-01-07,South,Clothing,T-Shirt,6,957.1,5742.6,2454.58,46,Male
ORD00423,2025-09-08,North,Furniture,Table,2,12034.9,24069.8,4152.91,60,Male
ORD00424,2024-06-14,West,Clothing,T-Shirt,6,939.65,5637.9,1647.06,19,Male
ORD00425,2025-08-09,South,Electronics,Laptop,3,55808.35,167425.05,16091.71,21,Male
ORD00426,2025-11-08,East,Furniture,Chair,3,4514.98,13544.94,4000.99,23,Male
ORD00427,2025-08-19,South,Clothing,Jeans,8,1932.23,15457.84,5721.99,57,Female
ORD00428,2024-05-15,North,Electronics,Headphones,6,3253.41,19520.46,2726.1,19,Male
ORD00429,2025-06-28,North,Clothing,T-Shirt,3,918.99,2756.97,1019.98,23,Female
ORD00430,2025-01-14,North,Electronics,Headphones,1,3238.18,3238.18,509.97,62,Female
ORD00431,2025-12-14,North,Furniture,Table,8,12694.93,101559.44,24207.43,45,Male
ORD00432,2025-07-10,West,Furniture,Chair,8,4739.27,37914.16,6163.8,34,Male
ORD00433,2025-12-05,East,Electronics,Laptop,1,55857.86,55857.86,5126.79,44,Female
ORD00434,2025-08-01,East,Electronics,Smartphone,3,24630.36,73891.08,10236.65,57,Female
ORD00435,2025-07-22,West,Clothing,T-Shirt,4,884.38,3537.52,1146.31,34,Female
ORD00436,2025-04-02,South,Furniture,Sofa,7,36650.48,256553.36,63854.19,24,Male
ORD00437,2025-02-02,North,Clothing,T-Shirt,6,954.15,5724.9,1490.82,23,Male
ORD00438,2025-01-28,West,Clothing,Jeans,7,1651.73,11562.11,4298.86,57,Female
ORD00439,2025-06-14,East,Electronics,Laptop,3,56543.2,169629.6,21016.63,30,Male
ORD00440,2024-03-29,East,Furniture,Table,3,12417.66,37252.98,9248.16,43,Female
ORD00441,2024-04-02,East,Clothing,T-Shirt,7,915.49,6408.43,1690.05,64,Female
ORD00442,2024-01-05,East,Furniture,Sofa,5,33084.07,165420.35,36097.01,29,Female
ORD00443,2024-09-20,East,Electronics,Smartphone,2,25015.85,50031.7,5703.44,62,Female
ORD00444,2025-04-16,North,Clothing,T-Shirt,8,948.59,7588.72,2593.59,48,Male
ORD00445,2024-11-19,West,Furniture,Chair,2,4394.41,8788.82,1608.86,40,Male
ORD00446,2025-07-21,South,Furniture,Chair,4,4308.56,17234.24,4520.86,48,Female
ORD00447,2024-07-13,West,Furniture,Sofa,4,37760.21,151040.84,44114.15,65,Male
ORD00448,2025-09-25,East,Furniture,Table,4,12894.58,51578.32,9305.5,27,Male
ORD00449,2025-07-08,North,Electronics,Smartphone,2,25879.06,51758.12,7574.41,48,Female
ORD00450,2024-07-06,East,Furniture,Sofa,8,37786.85,302294.8,71395.35,43,Male
ORD00451,2024-12-21,West,Electronics,Headphones,1,3015.44,3015.44,368.84,61,Male
ORD00452,2024-08-03,West,Clothing,Jeans,2,1871.37,3742.74,944.53,55,Male
ORD00453,2025-04-27,East,Furniture,Sofa,6,35789.45,214736.7,49880.01,41,Male
ORD00454,2024-10-13,West,Clothing,Jeans,7,1695.79,11870.53,4995.89,29,Male
ORD00455,2024-07-19,South,Furniture,Table,2,12529.96,25059.92,5846.5,65,Male
ORD00456,2025-06-13,East,Clothing,Jeans,1,1683.58,1683.58,706.9,49,Female
ORD00457,2025-05-02,North,Furniture,Chair,1,4408.56,4408.56,700.99,46,Female
ORD00458,2025-02-25,North,Furniture,Chair,6,4374.28,26245.68,7125.76,40,Male
ORD00459,2024-03-21,West,Electronics,Headphones,5,2913.07,14565.35,2145.76,57,Female
ORD00460,2025-09-19,West,Clothing,Jeans,3,1932.57,5797.71,1938.54,22,Male
ORD00461,2025-10-22,West,Electronics,Headphones,6,2836.93,17021.58,1901.1,35,Female
ORD00462,2025-11-08,East,Furniture,Sofa,8,34397.92,275183.36,42231.06,65,Male
ORD00463,2024-02-25,North,Furniture,Table,3,11752.91,35258.73,10243.33,43,Male
ORD00464,2024-08-22,South,Electronics,Smartphone,5,25590.51,127952.55,11314.99,65,Female
ORD00465,2024-11-29,West,Clothing,Jeans,3,1667.26,5001.78,1914.23,47,Female
ORD00466,2025-10-08,West,Clothing,Jeans,3,1969.04,5907.12,2182.78,51,Female
ORD00467,2024-09-23,South,Furniture,Sofa,8,35277.68,282221.44,61038.58,37,Male
ORD00468,2025-05-03,East,Electronics,Laptop,3,53282.73,159848.19,20287.9,18,Female
ORD00469,2025-03-23,West,Furniture,Chair,4,4767.09,19068.36,3399.61,33,Male
ORD00470,2025-09-19,East,Clothing,T-Shirt,7,849.71,5947.97,2101.55,36,Female
ORD00471,2025-09-24,West,Clothing,T-Shirt,4,963.63,3854.52,1454.61,35,Female
ORD00472,2024-04-14,East,Furniture,Table,6,10846.55,65079.3,14984.22,35,Male
ORD00473,2024-11-15,West,Clothing,Jeans,1,1703.81,1703.81,542.46,41,Female
ORD00474,2025-02-05,North,Electronics,Laptop,6,50382.45,302294.7,46872.9,52,Female
ORD00475,2024-09-11,West,Electronics,Headphones,4,3237.42,12949.68,1359.82,46,Male
ORD00476,2025-04-29,West,Electronics,Laptop,4,54569.18,218276.72,34291.18,61,Female
ORD00477,2024-09-16,West,Furniture,Sofa,3,35904.15,107712.45,31302.65,58,Female
ORD00478,2025-10-10,West,Furniture,Table,6,12930.05,77580.3,14171.46,38,Male
ORD00479,2025-08-18,West,Electronics,Headphones,5,3050.82,15254.1,1824.1,62,Male
ORD00480,2025-10-02,North,Furniture,Sofa,2,33241.06,66482.12,16812.78,21,Female
ORD00481,2024-12-21,West,Electronics,Headphones,2,2775.5,5551.0,573.24,64,Male
ORD00482,2025-03-24,East,Electronics,Laptop,7,53439.84,374078.88,34966.36,52,Female
ORD00483,2025-09-05,South,Furniture,Table,3,12104.69,36314.07,7998.51,22,Male
ORD00484,2025-06-02,West,Clothing,Jeans,5,1914.99,9574.95,3879.61,64,Male
ORD00485,2025-07-05,West,Electronics,Laptop,6,58036.18,348217.08,36172.32,30,Female
ORD00486,2024-03-09,North,Electronics,Headphones,5,2893.56,14467.8,2084.67,26,Male
ORD00487,2025-02-01,West,Electronics,Laptop,4,50677.61,202710.44,20101.1,51,Female
ORD00488,2025-11-02,West,Electronics,Laptop,6,51927.95,311567.7,47291.15,23,Female
ORD00489,2025-12-26,North,Electronics,Laptop,6,55638.22,333829.32,58027.68,57,Female
ORD00490,2024-04-13,South,Electronics,Laptop,2,58679.02,117358.04,10303.28,52,Female
ORD00491,2025-07-25,West,Furniture,Table,4,12062.86,48251.44,11763.64,65,Male
ORD00492,2025-07-17,West,Furniture,Sofa,8,36417.85,291342.8,48250.84,50,Female
ORD00493,2025-01-15,West,Electronics,Headphones,8,3260.11,26080.88,4440.23,58,Female
ORD00494,2024-09-17,East,Furniture,Sofa,4,35442.01,141768.04,37548.15,46,Female
ORD00495,2024-11-05,North,Clothing,T-Shirt,1,940.74,940.74,332.57,37,Male
ORD00496,2025-07-20,South,Furniture,Table,6,10852.08,65112.48,16503.27,24,Male
ORD00497,2024-09-19,East,Clothing,Jeans,6,1676.2,10057.2,3016.87,23,Female
ORD00498,2025-12-07,North,Furniture,Table,2,12536.59,25073.18,4411.26,56,Female
ORD00499,2025-03-20,West,Electronics,Laptop,7,50363.25,352542.75,30174.93,25,Male
ORD00500,2024-11-30,South,Electronics,Laptop,7,50095.41,350667.87,46441.87,27,Male
ORD00501,2025-02-07,South,Clothing,T-Shirt,8,945.51,7564.08,2544.46,26,Female
ORD00502,2025-05-28,West,Electronics,Smartphone,8,25357.2,202857.6,17228.92,62,Male
ORD00503,2025-09-22,South,Electronics,Headphones,8,3035.58,24284.64,3127.52,33,Male
ORD00504,2025-03-09,East,Furniture,Chair,7,4341.07,30387.49,4966.51,40,Male
ORD00505,2025-09-23,West,Furniture,Sofa,6,35657.14,213942.84,41873.5,57,Male
ORD00506,2024-03-28,North,Clothing,Jeans,1,1952.72,1952.72,549.1,65,Male
ORD00507,2024-04-23,East,Furniture,Table,3,12885.01,38655.03,5877.88,46,Female
ORD00508,2024-09-21,West,Electronics,Laptop,6,51799.1,310794.6,41584.49,57,Male
ORD00509,2024-10-17,South,Electronics,Laptop,7,55913.05,391391.35,57281.23,62,Female
ORD00510,2025-11-06,East,Electronics,Laptop,8,56702.34,453618.72,36667.55,24,Male
ORD00511,2024-11-19,West,Furniture,Chair,7,4258.05,29806.35,8837.34,56,Male
ORD00512,2024-09-10,East,Electronics,Headphones,4,3000.39,12001.56,1509.78,39,Female
ORD00513,2025-05-28,East,Clothing,T-Shirt,3,813.31,2439.93,757.51,21,Female
ORD00514,2025-02-06,South,Clothing,T-Shirt,1,979.94,979.94,311.97,23,Female
ORD00515,2024-12-03,West,Furniture,Table,7,11376.87,79638.09,23539.47,52,Male
ORD00516,2025-12-06,South,Furniture,Table,3,12194.47,36583.41,6597.69,45,Male
ORD00517,2024-05-29,North,Electronics,Headphones,6,2740.69,16444.14,2191.94,38,Female
ORD00518,2024-10-07,South,Clothing,T-Shirt,5,889.74,4448.7,1942.52,30,Male
ORD00519,2025-09-19,South,Electronics,Headphones,3,2715.72,8147.16,1455.05,56,Male
ORD00520,2025-09-11,West,Furniture,Table,1,11662.23,11662.23,2583.07,63,Female
ORD00521,2024-01-16,East,Electronics,Headphones,7,2994.87,20964.09,1965.41,44,Male
ORD00522,2025-05-16,East,Furniture,Table,4,10958.73,43834.92,13055.97,47,Male
ORD00523,2025-02-07,North,Clothing,T-Shirt,7,949.72,6648.04,2619.59,51,Male
ORD00524,2025-02-09,North,Clothing,Jeans,8,1917.72,15341.76,5427.0,53,Female
ORD00525,2025-04-17,South,Electronics,Laptop,4,52702.97,210811.88,25256.1,45,Female
ORD00526,2024-07-03,South,Electronics,Laptop,3,54599.37,163798.11,23686.87,43,Female
ORD00527,2025-04-10,North,Furniture,Sofa,8,31674.38,253395.04,72089.02,34,Female
ORD00528,2025-12-25,West,Electronics,Headphones,2,2754.71,5509.42,829.84,64,Male
ORD00529,2024-06-02,South,Clothing,T-Shirt,7,817.9,5725.3,2429.02,27,Male
ORD00530,2024-07-04,North,Electronics,Laptop,7,52888.68,370220.76,56649.76,26,Male
ORD00531,2025-09-14,West,Electronics,Laptop,5,49634.29,248171.45,32203.41,33,Male
ORD00532,2025-07-14,East,Clothing,Jeans,8,1767.65,14141.2,4227.41,57,Male
ORD00533,2025-11-14,East,Electronics,Laptop,3,51130.82,153392.46,22292.17,39,Male
ORD00534,2025-12-09,South,Electronics,Laptop,2,54086.53,108173.06,10582.01,47,Female
ORD00535,2025-03-13,North,Electronics,Laptop,2,57953.63,115907.26,13014.32,36,Female
ORD00536,2025-12-13,South,Electronics,Headphones,2,3116.77,6233.54,669.74,57,Male
ORD00537,2024-10-21,West,Electronics,Smartphone,2,24918.31,49836.62,7418.95,56,Female
ORD00538,2025-05-24,West,Furniture,Chair,6,4884.39,29306.34,6578.09,29,Male
ORD00539,2024-07-31,West,Furniture,Chair,4,4051.42,16205.68,3951.25,44,Male
ORD00540,2024-10-15,East,Furniture,Sofa,6,35422.91,212537.46,32240.78,22,Female
ORD00541,2025-08-05,North,Furniture,Chair,6,4740.33,28441.98,5688.18,29,Male
ORD00542,2024-05-19,West,Furniture,Sofa,6,37955.96,227735.76,50369.47,27,Female
ORD00543,2024-11-02,East,Furniture,Sofa,8,36987.92,295903.36,77345.5,53,Male
ORD00544,2024-10-14,North,Furniture,Table,6,12718.88,76313.28,15494.6,39,Female
ORD00545,2024-11-18,North,Electronics,Headphones,7,2812.43,19687.01,1804.99,35,Female
ORD00546,2025-06-21,East,Electronics,Smartphone,8,26885.24,215081.92,25198.64,29,Male
ORD00547,2025-05-09,South,Furniture,Sofa,1,36944.53,36944.53,8000.93,30,Female
ORD00548,2025-06-12,South,Clothing,Jeans,5,1899.19,9495.95,3935.38,31,Male
ORD00549,2025-12-04,North,Clothing,Jeans,7,1876.92,13138.44,5734.5,39,Female
ORD00550,2024-11-15,South,Electronics,Laptop,2,55226.35,110452.7,16114.88,38,Male
ORD00551,2024-06-01,South,Furniture,Table,5,11463.96,57319.8,12390.67,35,Male
ORD00552,2025-12-22,East,Electronics,Laptop,2,51772.35,103544.7,11910.93,54,Male
ORD00553,2024-01-30,West,Electronics,Headphones,2,2886.83,5773.66,977.04,61,Male
ORD00554,2025-08-29,West,Electronics,Smartphone,7,22769.0,159383.0,19547.78,57,Female
ORD00555,2025-04-21,South,Furniture,Chair,6,4785.7,28714.2,7196.66,23,Female
ORD00556,2024-08-17,South,Electronics,Smartphone,8,24051.96,192415.68,27792.88,57,Female
ORD00557,2024-11-28,West,Furniture,Sofa,7,32783.47,229484.29,45793.4,49,Male
ORD00558,2024-12-22,South,Electronics,Smartphone,8,23064.44,184515.52,23593.12,50,Male
ORD00559,2025-02-14,West,Clothing,T-Shirt,2,868.66,1737.32,619.44,33,Male
ORD00560,2025-03-21,East,Electronics,Headphones,8,2930.29,23442.32,2674.1,52,Male
ORD00561,2025-09-02,West,Electronics,Headphones,2,3143.62,6287.24,950.57,38,Male
ORD00562,2025-09-02,West,Clothing,Jeans,3,1730.89,5192.67,2010.09,38,Female
ORD00563,2024-01-01,South,Electronics,Laptop,2,51893.73,103787.46,9744.78,60,Male
ORD00564,2024-11-20,East,Clothing,Jeans,5,1760.39,8801.95,3400.22,54,Female
ORD00565,2024-05-10,East,Clothing,T-Shirt,6,988.25,5929.5,2087.69,21,Female
ORD00566,2024-02-01,South,Electronics,Laptop,1,57236.9,57236.9,9276.69,45,Female
ORD00567,2024-05-22,South,Furniture,Sofa,7,34342.23,240395.61,43675.65,53,Female
ORD00568,2024-03-14,North,Furniture,Sofa,7,32579.87,228059.09,57131.06,27,Female
ORD00569,2025-12-13,West,Clothing,T-Shirt,3,825.24,2475.72,844.73,57,Male
ORD00570,2025-09-11,North,Clothing,Jeans,7,1818.74,12731.18,3655.86,54,Female
ORD00571,2025-08-04,West,Furniture,Table,5,11786.01,58930.05,12083.34,63,Female
ORD00572,2024-10-13,West,Electronics,Smartphone,8,27308.69,218469.52,19226.7,51,Male
ORD00573,2025-10-10,East,Electronics,Smartphone,4,24862.26,99449.04,15331.92,57,Male
ORD00574,2025-03-07,East,Furniture,Sofa,1,34782.08,34782.08,7665.44,36,Female
ORD00575,2024-09-23,North,Electronics,Headphones,1,3117.03,3117.03,435.65,58,Female
ORD00576,2025-05-11,North,Electronics,Headphones,1,3093.79,3093.79,337.77,26,Male
ORD00577,2024-04-24,South,Furniture,Chair,5,4169.28,20846.4,5809.45,55,Male
ORD00578,2025-06-24,North,Clothing,Jeans,6,1910.82,11464.92,3978.14,39,Male
ORD00579,2025-11-07,West,Electronics,Headphones,3,3202.57,9607.71,1491.85,64,Male
ORD00580,2025-04-20,West,Furniture,Table,6,10930.38,65582.28,17899.35,48,Female
ORD00581,2025-03-21,North,Clothing,Jeans,4,1756.73,7026.92,1960.72,36,Female
ORD00582,2025-10-14,East,Clothing,T-Shirt,6,983.12,5898.72,2557.35,45,Female
ORD00583,2025-11-22,South,Furniture,Sofa,5,33369.61,166848.05,41403.59,64,Male
ORD00584,2025-02-25,North,Furniture,Sofa,3,33692.89,101078.67,15290.31,51,Male
ORD00585,2024-04-04,North,Clothing,Jeans,6,1698.99,10193.94,2596.81,56,Male
ORD00586,2025-10-25,South,Electronics,Smartphone,2,22931.93,45863.86,6442.43,25,Male
ORD00587,2024-10-10,West,Furniture,Chair,5,4470.26,22351.3,5494.33,62,Female
ORD00588,2024-03-02,East,Furniture,Chair,3,4752.66,14257.98,2272.12,34,Male
ORD00589,2025-05-18,North,Clothing,Jeans,2,1797.02,3594.04,1026.78,27,Female
ORD00590,2025-08-08,East,Furniture,Table,2,12990.26,25980.52,4299.6,46,Male
ORD00591,2024-06-04,East,Clothing,Jeans,3,1855.03,5565.09,1825.89,43,Male
ORD00592,2025-07-07,South,Clothing,Jeans,8,1776.98,14215.84,5786.93,18,Female
ORD00593,2025-02-14,North,Clothing,Jeans,2,1824.21,3648.42,1409.63,58,Male
ORD00594,2024-06-29,North,Furniture,Sofa,6,32063.2,192379.2,50975.91,42,Male
ORD00595,2025-10-09,West,Furniture,Chair,7,4856.81,33997.67,6931.76,65,Male
ORD00596,2024-03-05,East,Electronics,Headphones,1,2815.86,2815.86,427.94,49,Female
ORD00597,2024-08-04,West,Electronics,Laptop,1,53232.14,53232.14,6056.32,61,Male
ORD00598,2025-09-25,North,Furniture,Table,2,10888.51,21777.02,5402.33,33,Male
ORD00599,2025-09-17,South,Electronics,Laptop,3,56459.28,169377.84,28873.2,55,Male
ORD00600,2025-03-12,East,Electronics,Smartphone,2,24985.72,49971.44,7991.31,65,Female
ORD00601,2024-08-06,North,Furniture,Sofa,2,38330.97,76661.94,13078.48,55,Male
ORD00602,2025-07-20,South,Furniture,Sofa,2,32345.22,64690.44,13732.04,46,Male
ORD00603,2024-01-17,West,Electronics,Laptop,3,50599.65,151798.95,25006.85,23,Male
ORD00604,2025-12-11,West,Electronics,Laptop,3,59687.51,179062.53,26980.09,62,Male
ORD00605,2025-09-17,North,Furniture,Table,3,12335.58,37006.74,7838.2,56,Male
ORD00606,2024-08-29,South,Clothing,Jeans,2,1845.79,3691.58,926.27,25,Male
ORD00607,2024-04-25,South,Furniture,Sofa,4,34749.51,138998.04,25188.71,61,Female
ORD00608,2024-08-02,West,Clothing,Jeans,3,1677.51,5032.53,1624.7,34,Female
ORD00609,2024-01-30,West,Clothing,Jeans,1,1657.59,1657.59,466.79,50,Male
ORD00610,2025-11-24,East,Electronics,Smartphone,4,26107.02,104428.08,14543.77,32,Male
ORD00611,2024-08-13,North,Furniture,Sofa,4,32186.45,128745.8,36111.0,48,Female
ORD00612,2024-05-19,West,Electronics,Laptop,7,51094.35,357660.45,61799.69,64,Male
ORD00613,2024-05-19,North,Furniture,Sofa,5,32915.48,164577.4,41774.94,47,Female
ORD00614,2025-10-15,South,Clothing,T-Shirt,3,946.86,2840.58,799.22,54,Male
ORD00615,2025-04-18,East,Electronics,Smartphone,7,26784.87,187494.09,24171.99,18,Female
ORD00616,2024-06-01,North,Furniture,Table,4,11585.51,46342.04,13150.64,44,Male
ORD00617,2025-12-14,North,Electronics,Laptop,8,57568.24,460545.92,60065.15,46,Female
ORD00618,2024-05-15,East,Furniture,Table,2,12140.37,24280.74,6307.36,36,Male
ORD00619,2025-08-20,North,Electronics,Smartphone,1,24898.91,24898.91,2750.92,47,Female
ORD00620,2024-01-02,North,Electronics,Headphones,7,2810.97,19676.79,3289.08,42,Female
ORD00621,2024-07-31,North,Electronics,Laptop,5,54184.92,270924.6,28983.23,57,Female
ORD00622,2025-01-09,East,Electronics,Laptop,6,59267.76,355606.56,32394.57,29,Male
ORD00623,2025-08-17,South,Furniture,Table,3,13155.0,39465.0,6591.98,65,Male
ORD00624,2025-01-16,East,Furniture,Sofa,6,37785.53,226713.18,48389.52,46,Female
ORD00625,2025-09-27,East,Electronics,Smartphone,8,26049.13,208393.04,30806.92,61,Male
ORD00626,2024-03-19,North,Furniture,Table,8,11009.54,88076.32,15573.81,28,Female
ORD00627,2024-10-27,West,Electronics,Smartphone,3,24981.64,74944.92,12553.22,61,Male
ORD00628,2024-01-23,South,Clothing,Jeans,6,1771.25,10627.5,3058.72,51,Female
ORD00629,2025-06-26,West,Clothing,T-Shirt,6,928.04,5568.24,2133.59,47,Female
ORD00630,2024-02-18,South,Electronics,Headphones,5,2803.04,14015.2,1485.62,40,Female
ORD00631,2024-06-28,South,Clothing,Jeans,3,1842.71,5528.13,1583.57,28,Male
ORD00632,2024-07-29,North,Electronics,Smartphone,1,27468.87,27468.87,3775.67,60,Female
ORD00633,2024-01-26,West,Furniture,Sofa,3,34110.4,102331.2,17845.5,49,Male
ORD00634,2025-10-24,East,Clothing,Jeans,6,1676.18,10057.08,3534.88,48,Female
ORD00635,2025-11-25,North,Electronics,Headphones,8,2903.21,23225.68,2118.92,37,Male
ORD00636,2025-08-20,South,Clothing,T-Shirt,4,890.28,3561.12,1347.04,35,Male
ORD00637,2025-06-08,West,Electronics,Laptop,2,55422.54,110845.08,13805.29,30,Female
ORD00638,2025-01-13,West,Furniture,Sofa,1,37859.13,37859.13,6519.04,41,Male
ORD00639,2025-03-30,West,Furniture,Chair,6,4366.22,26197.32,7365.25,46,Female
ORD00640,2024-05-27,South,Electronics,Headphones,7,3137.16,21960.12,2666.38,37,Female
ORD00641,2025-10-16,East,Furniture,Sofa,2,38032.07,76064.14,15697.04,44,Male
ORD00642,2024-11-05,East,Clothing,Jeans,3,1691.73,5075.19,1766.76,49,Female
ORD00643,2025-10-13,West,Furniture,Table,1,12698.93,12698.93,2476.61,25,Female
ORD00644,2024-10-10,West,Clothing,T-Shirt,3,898.54,2695.62,738.25,22,Female
ORD00645,2024-05-02,East,Clothing,Jeans,7,1932.6,13528.2,5260.43,50,Male
ORD00646,2024-12-31,South,Furniture,Chair,3,4573.49,13720.47,3006.93,21,Female
ORD00647,2025-10-16,North,Furniture,Sofa,7,35953.73,251676.11,39590.47,50,Male
ORD00648,2025-12-02,East,Electronics,Headphones,2,3059.26,6118.52,591.74,35,Female
ORD00649,2025-05-11,West,Electronics,Smartphone,6,26616.57,159699.42,12981.93,39,Male
ORD00650,2025-09-20,North,Electronics,Smartphone,4,23272.77,93091.08,9505.66,44,Female
ORD00651,2025-01-06,South,Electronics,Smartphone,2,26594.22,53188.44,9166.55,46,Female
ORD00652,2024-05-25,South,Electronics,Headphones,5,2717.26,13586.3,2193.61,37,Male
ORD00653,2024-01-20,West,Furniture,Table,3,13154.66,39463.98,10436.39,45,Male
ORD00654,2024-09-16,North,Furniture,Table,2,10878.7,21757.4,5199.51,22,Female
ORD00655,2024-07-08,East,Electronics,Laptop,2,58106.08,116212.16,19989.63,19,Male
ORD00656,2025-09-19,South,Electronics,Headphones,5,3269.27,16346.35,1876.29,50,Male
ORD00657,2025-07-04,North,Electronics,Smartphone,1,25144.19,25144.19,3811.39,64,Male
ORD00658,2024-07-04,East,Furniture,Table,8,11679.51,93436.08,20177.51,42,Female
ORD00659,2025-06-16,South,Furniture,Table,4,11778.19,47112.76,9287.91,49,Female
ORD00660,2024-11-15,West,Furniture,Chair,1,4124.02,4124.02,856.63,32,Female
ORD00661,2025-11-26,East,Furniture,Chair,7,4219.91,29539.37,8157.56,29,Male
ORD00662,2025-02-08,West,Clothing,Jeans,2,1762.69,3525.38,965.4,62,Male
ORD00663,2025-02-17,North,Electronics,Headphones,2,2918.23,5836.46,583.11,32,Female
ORD00664,2025-10-21,West,Clothing,Jeans,5,1895.33,9476.65,3802.61,40,Female
ORD00665,2025-05-16,West,Clothing,T-Shirt,8,902.05,7216.4,1980.45,32,Male
ORD00666,2024-07-02,West,Electronics,Laptop,2,57615.78,115231.56,18786.34,56,Female
ORD00667,2025-05-19,West,Electronics,Headphones,5,3073.18,15365.9,1377.3,30,Female
ORD00668,2024-01-19,North,Clothing,Jeans,8,1801.73,14413.84,5161.68,45,Male
ORD00669,2025-07-24,East,Clothing,T-Shirt,8,866.62,6932.96,1778.8,63,Male
ORD00670,2025-11-22,West,Clothing,Jeans,7,1668.42,11678.94,3175.23,60,Female
ORD00671,2025-09-23,East,Clothing,Jeans,3,1802.41,5407.23,2401.75,36,Female
ORD00672,2025-08-20,North,Electronics,Laptop,1,55995.1,55995.1,5197.45,58,Female
ORD00673,2024-09-07,South,Clothing,T-Shirt,2,887.07,1774.14,463.56,33,Female
ORD00674,2024-02-08,West,Electronics,Smartphone,2,26844.7,53689.4,4909.74,60,Female
ORD00675,2025-08-07,West,Clothing,T-Shirt,5,813.67,4068.35,1274.63,38,Male
ORD00676,2025-11-14,East,Clothing,Jeans,2,1868.71,3737.42,1540.91,28,Female
ORD00677,2025-07-02,South,Furniture,Sofa,7,32912.31,230386.17,68221.05,36,Female
ORD00678,2024-04-04,North,Electronics,Laptop,5,60458.5,302292.5,36336.39,55,Female
ORD00679,2024-03-19,East,Furniture,Chair,2,4559.79,9119.58,1952.19,50,Female
ORD00680,2025-07-14,South,Clothing,T-Shirt,6,846.01,5076.06,1729.14,19,Male
ORD00681,2025-10-15,West,Clothing,Jeans,4,1857.89,7431.56,2256.13,54,Male
ORD00682,2025-03-21,West,Furniture,Table,6,11909.97,71459.82,18719.97,38,Male
ORD00683,2024-08-29,West,Furniture,Table,7,11440.64,80084.48,13941.72,33,Male
ORD00684,2025-03-22,West,Electronics,Headphones,4,2716.62,10866.48,1735.43,59,Male
ORD00685,2025-07-17,South,Furniture,Table,3,11454.51,34363.53,9224.91,59,Male
ORD00686,2024-03-06,West,Clothing,Jeans,1,1639.92,1639.92,507.71,41,Male
ORD00687,2025-11-11,East,Clothing,T-Shirt,3,852.49,2557.47,701.08,49,Male
ORD00688,2024-08-29,West,Furniture,Table,2,12655.66,25311.32,6956.82,31,Male
ORD00689,2024-02-27,West,Electronics,Smartphone,3,23570.54,70711.62,7598.3,52,Female
ORD00690,2024-05-28,East,Electronics,Smartphone,6,25228.73,151372.38,19297.77,48,Female
ORD00691,2024-02-25,South,Furniture,Chair,1,4630.86,4630.86,718.81,34,Female
ORD00692,2025-03-29,West,Furniture,Chair,6,4862.84,29177.04,6717.62,18,Female
ORD00693,2024-06-13,West,Furniture,Chair,5,4131.23,20656.15,3827.98,58,Female
ORD00694,2025-02-26,East,Clothing,T-Shirt,1,859.33,859.33,299.34,63,Female
ORD00695,2025-07-14,East,Electronics,Smartphone,3,25992.41,77977.23,10186.43,47,Male
ORD00696,2025-10-05,East,Electronics,Laptop,3,56431.72,169295.16,26935.19,38,Male
ORD00697,2024-05-13,West,Electronics,Smartphone,3,23748.02,71244.06,10783.24,38,Female
ORD00698,2024-07-22,North,Clothing,Jeans,3,1713.84,5141.52,2107.54,44,Female
ORD00699,2024-01-24,South,Electronics,Headphones,7,3225.83,22580.81,3939.8,23,Female
ORD00700,2024-09-23,South,Furniture,Table,5,12483.03,62415.15,13116.87,23,Female
ORD00701,2025-11-20,West,Electronics,Headphones,2,2708.47,5416.94,718.2,25,Male
ORD00702,2025-01-26,South,Furniture,Table,4,13070.53,52282.12,9929.97,45,Male
ORD00703,2024-01-30,East,Furniture,Table,5,12544.1,62720.5,11105.01,34,Male
ORD00704,2024-05-16,East,Clothing,Jeans,4,1753.07,7012.28,1767.54,62,Female
ORD00705,2024-03-01,North,Furniture,Table,7,12500.29,87502.03,16488.34,39,Male
ORD00706,2024-02-16,North,Clothing,Jeans,6,1978.83,11872.98,4388.8,34,Female
ORD00707,2024-07-02,East,Furniture,Chair,7,4654.14,32578.98,9247.02,28,Female
ORD00708,2024-04-29,East,Furniture,Sofa,8,32423.44,259387.52,59545.93,20,Male
ORD00709,2025-09-19,East,Clothing,Jeans,5,1889.22,9446.1,4018.25,51,Female
ORD00710,2025-11-04,West,Clothing,T-Shirt,3,866.8,2600.4,728.77,21,Male
ORD00711,2025-03-22,North,Electronics,Headphones,1,2837.92,2837.92,237.21,49,Male
ORD00712,2024-05-31,North,Clothing,Jeans,6,1975.97,11855.82,3230.69,40,Male
ORD00713,2025-11-10,South,Furniture,Table,5,11233.57,56167.85,12711.38,55,Male
ORD00714,2024-12-02,North,Electronics,Headphones,7,3252.25,22765.75,2381.66,36,Male
ORD00715,2024-03-24,West,Clothing,T-Shirt,6,916.26,5497.56,1543.47,63,Female
ORD00716,2025-04-08,East,Clothing,Jeans,5,1833.91,9169.55,3495.75,64,Male
ORD00717,2025-07-14,West,Furniture,Table,1,12723.74,12723.74,3431.87,23,Female
ORD00718,2024-08-01,South,Furniture,Chair,3,4266.07,12798.21,2685.55,42,Female
ORD00719,2024-11-13,South,Furniture,Chair,3,4158.54,12475.62,2680.43,40,Male
ORD00720,2025-03-09,North,Furniture,Sofa,4,34927.36,139709.44,30940.88,45,Female
ORD00721,2025-11-23,South,Electronics,Headphones,7,3078.41,21548.87,1924.2,59,Male
ORD00722,2024-06-01,South,Clothing,Jeans,2,1724.65,3449.3,1191.81,61,Female
ORD00723,2024-04-20,West,Furniture,Table,7,11509.16,80564.12,13009.48,44,Male
ORD00724,2025-11-08,West,Clothing,Jeans,5,1747.96,8739.8,2213.39,29,Male
ORD00725,2025-04-10,West,Clothing,T-Shirt,1,824.99,824.99,303.14,57,Female
ORD00726,2025-11-20,North,Furniture,Sofa,3,32977.48,98932.44,29415.38,45,Male
ORD00727,2025-11-04,West,Electronics,Laptop,7,50783.46,355484.22,34543.66,37,Female
ORD00728,2025-12-13,South,Clothing,T-Shirt,5,825.77,4128.85,1706.01,19,Male
ORD00729,2024-07-14,North,Clothing,Jeans,3,1853.91,5561.73,2269.2,37,Female
ORD00730,2025-03-31,West,Electronics,Headphones,8,2953.13,23625.04,2165.14,48,Male
ORD00731,2024-01-09,North,Clothing,Jeans,4,1692.48,6769.92,1761.43,58,Female
ORD00732,2025-05-14,West,Clothing,T-Shirt,8,942.67,7541.36,2323.91,49,Female
ORD00733,2025-10-25,West,Furniture,Table,1,12067.94,12067.94,2381.94,48,Male
ORD00734,2025-04-25,East,Clothing,Jeans,6,1781.4,10688.4,4224.5,46,Male
ORD00735,2024-10-27,West,Furniture,Table,6,13012.17,78073.02,20086.62,44,Female
ORD00736,2024-05-12,South,Clothing,Jeans,3,1843.86,5531.58,2120.87,30,Male
ORD00737,2025-07-24,North,Clothing,Jeans,2,1905.65,3811.3,1131.74,19,Female
ORD00738,2024-03-06,East,Furniture,Chair,6,4659.24,27955.44,7797.31,45,Male
ORD00739,2024-02-17,East,Furniture,Table,2,12148.76,24297.52,7266.16,27,Male
ORD00740,2025-09-17,North,Electronics,Laptop,8,58288.86,466310.88,82194.15,53,Male
ORD00741,2024-10-26,West,Electronics,Smartphone,3,25649.63,76948.89,12857.16,50,Female
ORD00742,2025-03-25,West,Electronics,Smartphone,3,25735.46,77206.38,8759.89,18,Male
ORD00743,2025-02-28,East,Clothing,Jeans,6,1723.23,10339.38,4063.79,58,Male
ORD00744,2025-04-14,East,Electronics,Headphones,7,3172.33,22206.31,2082.94,19,Female
ORD00745,2025-02-15,South,Electronics,Headphones,1,3130.58,3130.58,412.41,45,Male
ORD00746,2025-10-08,East,Clothing,T-Shirt,1,928.83,928.83,242.95,44,Female
ORD00747,2024-05-30,West,Furniture,Chair,6,4868.31,29209.86,5607.33,46,Male
ORD00748,2024-11-04,North,Clothing,Jeans,6,1939.56,11637.36,3368.54,20,Female
ORD00749,2024-11-15,East,Clothing,T-Shirt,3,903.68,2711.04,955.19,58,Male
ORD00750,2024-11-07,West,Electronics,Laptop,1,59293.51,59293.51,7944.93,50,Male
ORD00751,2024-05-07,West,Electronics,Laptop,6,52357.32,314143.92,41074.3,37,Male
ORD00752,2025-10-04,South,Clothing,Jeans,6,1973.86,11843.16,4300.48,40,Female
ORD00753,2025-08-19,South,Furniture,Chair,3,4692.92,14078.76,2634.77,41,Female
ORD00754,2024-05-13,West,Electronics,Smartphone,3,26058.2,78174.6,12730.25,31,Female
ORD00755,2024-09-27,West,Electronics,Smartphone,6,25884.11,155304.66,18679.33,58,Female
ORD00756,2025-05-11,West,Clothing,Jeans,8,1883.42,15067.36,5291.01,26,Male
ORD00757,2024-05-01,West,Furniture,Table,8,11936.05,95488.4,27845.41,25,Male
ORD00758,2024-11-06,East,Furniture,Sofa,5,31781.97,158909.85,32690.95,49,Male
ORD00759,2024-10-17,South,Electronics,Headphones,3,3170.28,9510.84,1161.99,29,Female
ORD00760,2024-11-13,West,Electronics,Laptop,2,55522.91,111045.82,9633.94,39,Female
ORD00761,2025-04-04,South,Clothing,Jeans,3,1894.3,5682.9,1932.11,64,Female
ORD00762,2025-11-17,West,Electronics,Smartphone,7,24436.18,171053.26,29083.24,65,Female
ORD00763,2025-07-28,North,Electronics,Smartphone,3,26036.04,78108.12,10716.39,59,Male
ORD00764,2024-01-20,North,Furniture,Table,1,13097.5,13097.5,3439.19,60,Male
ORD00765,2025-03-30,North,Electronics,Laptop,5,58154.33,290771.65,30393.97,52,Female
ORD00766,2024-01-25,East,Clothing,T-Shirt,1,898.47,898.47,257.05,42,Female
ORD00767,2024-04-01,South,Electronics,Smartphone,2,27398.93,54797.86,7352.66,37,Female
ORD00768,2025-02-03,North,Electronics,Headphones,1,3068.69,3068.69,345.32,38,Male
ORD00769,2024-09-02,South,Clothing,T-Shirt,6,856.43,5138.58,1337.96,49,Female
ORD00770,2025-02-21,South,Electronics,Smartphone,5,22803.16,114015.8,14420.99,19,Female
ORD00771,2025-04-01,North,Electronics,Smartphone,4,26314.89,105259.56,15278.96,58,Male
ORD00772,2025-07-22,West,Electronics,Headphones,6,3024.26,18145.56,1756.83,20,Male
ORD00773,2024-10-06,East,Clothing,Jeans,5,1855.1,9275.5,4028.93,61,Female
ORD00774,2025-07-30,North,Furniture,Sofa,4,35596.11,142384.44,22329.11,37,Male
ORD00775,2024-08-03,East,Clothing,T-Shirt,2,959.49,1918.98,816.83,61,Female
ORD00776,2025-09-05,East,Furniture,Chair,8,4295.71,34365.68,6812.85,19,Male
ORD00777,2025-12-14,West,Electronics,Laptop,8,49547.07,396376.56,32089.8,43,Male
ORD00778,2025-01-20,East,Electronics,Smartphone,1,26962.86,26962.86,4357.35,42,Male
ORD00779,2024-01-21,East,Electronics,Laptop,2,54589.62,109179.24,18956.22,61,Female
ORD00780,2025-05-20,East,Furniture,Table,2,12759.07,25518.14,6922.11,20,Female
ORD00781,2024-10-11,West,Clothing,Jeans,4,1622.57,6490.28,1766.58,28,Male
ORD00782,2024-08-21,East,Electronics,Headphones,2,3052.9,6105.8,943.94,30,Male
ORD00783,2024-11-26,West,Furniture,Chair,8,4051.76,32414.08,8134.8,44,Female
ORD00784,2024-02-18,East,Electronics,Smartphone,8,24977.87,199822.96,26321.82,44,Female
ORD00785,2024-08-19,West,Furniture,Sofa,1,34243.01,34243.01,9657.03,22,Male
ORD00786,2025-03-18,North,Furniture,Table,3,11590.14,34770.42,8476.83,55,Female
ORD00787,2024-12-07,South,Furniture,Chair,4,4147.06,16588.24,3336.23,22,Female
ORD00788,2024-11-16,North,Electronics,Smartphone,8,25394.67,203157.36,17990.29,26,Male
ORD00789,2025-07-26,North,Clothing,Jeans,1,1728.53,1728.53,666.37,36,Female
ORD00790,2025-09-30,North,Clothing,T-Shirt,2,921.11,1842.22,750.7,47,Female
ORD00791,2024-01-27,West,Clothing,Jeans,7,1936.78,13557.46,5931.62,51,Female
ORD00792,2024-07-17,South,Furniture,Table,2,11046.46,22092.92,3537.78,58,Female
ORD00793,2024-02-15,North,Furniture,Sofa,7,34869.8,244088.6,43420.56,26,Female
ORD00794,2024-11-12,East,Clothing,T-Shirt,6,866.01,5196.06,1452.2,36,Female
ORD00795,2025-03-08,East,Electronics,Laptop,3,50130.49,150391.47,19657.79,30,Male
ORD00796,2025-09-06,East,Furniture,Table,2,11619.72,23239.44,5907.87,55,Female
ORD00797,2025-05-22,South,Furniture,Chair,7,4345.76,30420.32,8560.76,18,Male
ORD00798,2024-12-05,West,Furniture,Table,8,12297.41,98379.28,25597.1,31,Female
ORD00799,2024-10-24,West,Electronics,Headphones,1,2917.69,2917.69,254.93,30,Female
ORD00800,2024-06-27,East,Electronics,Laptop,1,51690.35,51690.35,5603.76,53,Male
ORD00801,2025-11-24,South,Electronics,Headphones,4,2712.9,10851.6,1782.79,42,Male
ORD00802,2025-06-23,West,Furniture,Sofa,4,33635.51,134542.04,36517.83,63,Male
ORD00803,2025-12-12,East,Electronics,Smartphone,3,26913.62,80740.86,7515.32,38,Female
ORD00804,2024-06-01,East,Furniture,Table,1,12631.4,12631.4,3513.62,33,Male
ORD00805,2024-03-24,West,Furniture,Chair,3,4816.35,14449.05,4087.28,60,Male
ORD00806,2025-04-20,South,Electronics,Headphones,7,3150.78,22055.46,3187.17,38,Female
ORD00807,2025-10-27,North,Clothing,Jeans,8,1790.55,14324.4,5846.14,31,Male
ORD00808,2025-08-08,South,Furniture,Table,8,12871.6,102972.8,20172.36,41,Female
ORD00809,2024-02-12,West,Electronics,Smartphone,3,26258.11,78774.33,8626.17,50,Female
ORD00810,2025-01-26,North,Clothing,T-Shirt,8,894.16,7153.28,2241.87,29,Female
ORD00811,2025-06-09,North,Furniture,Table,5,12348.85,61744.25,10024.97,35,Male
ORD00812,2024-12-03,East,Electronics,Smartphone,2,22856.74,45713.48,3832.08,37,Female
ORD00813,2024-01-09,East,Furniture,Table,3,13196.17,39588.51,10331.54,36,Female
ORD00814,2024-06-01,West,Clothing,T-Shirt,7,957.94,6705.58,2553.61,32,Male
ORD00815,2025-04-17,East,Furniture,Table,8,11360.94,90887.52,21167.0,23,Female
ORD00816,2025-07-25,North,Furniture,Table,7,12648.31,88538.17,16064.16,41,Male
ORD00817,2024-12-13,South,Electronics,Headphones,5,3266.01,16330.05,1322.21,44,Female
ORD00818,2024-06-06,East,Clothing,T-Shirt,5,868.69,4343.45,1886.92,54,Female
ORD00819,2024-12-02,West,Clothing,T-Shirt,4,980.76,3923.04,1353.27,58,Female
ORD00820,2025-05-15,North,Electronics,Smartphone,3,23021.57,69064.71,9343.81,29,Male
ORD00821,2024-02-28,East,Electronics,Smartphone,7,23919.09,167433.63,17296.55,51,Male
ORD00822,2025-07-03,West,Electronics,Headphones,6,3215.82,19294.92,2336.35,48,Male
ORD00823,2025-05-01,South,Clothing,T-Shirt,4,833.39,3333.56,1306.54,56,Female
ORD00824,2025-02-12,South,Furniture,Table,8,11461.06,91688.48,15715.75,51,Female
ORD00825,2025-04-12,East,Clothing,Jeans,8,1786.57,14292.56,5420.59,62,Female
ORD00826,2025-01-28,South,Clothing,T-Shirt,3,884.71,2654.13,892.89,62,Male
ORD00827,2024-10-25,North,Clothing,T-Shirt,1,853.15,853.15,320.46,62,Male
ORD00828,2024-04-17,East,Clothing,Jeans,7,1977.26,13840.82,3672.06,44,Female
ORD00829,2025-11-22,West,Electronics,Headphones,5,2824.42,14122.1,1192.8,42,Female
ORD00830,2024-11-30,West,Clothing,T-Shirt,4,881.4,3525.6,1528.09,49,Female
ORD00831,2024-10-12,South,Electronics,Smartphone,2,25242.14,50484.28,5261.94,28,Male
ORD00832,2024-01-12,East,Electronics,Smartphone,3,23970.72,71912.16,9597.78,27,Female
ORD00833,2025-12-14,North,Furniture,Sofa,3,33016.71,99050.13,24887.0,58,Male
ORD00834,2024-07-25,South,Clothing,T-Shirt,5,889.92,4449.6,1448.25,41,Male
ORD00835,2025-11-27,North,Furniture,Table,2,10838.49,21676.98,3298.89,32,Male
ORD00836,2025-10-03,South,Electronics,Headphones,3,2726.41,8179.23,1073.52,57,Male
ORD00837,2025-02-15,East,Clothing,T-Shirt,7,831.74,5822.18,1657.72,18,Female
ORD00838,2024-02-14,North,Furniture,Table,8,11328.23,90625.84,17379.19,31,Female
ORD00839,2025-08-05,South,Furniture,Chair,8,4934.79,39478.32,9096.88,34,Male
ORD00840,2025-10-12,East,Furniture,Sofa,7,36245.3,253717.1,64458.89,60,Female
ORD00841,2024-08-26,North,Electronics,Smartphone,6,22588.24,135529.44,23204.04,32,Male
ORD00842,2024-05-20,East,Electronics,Smartphone,5,23681.98,118409.9,14546.63,49,Female
ORD00843,2025-03-30,East,Furniture,Table,3,11701.8,35105.4,6519.41,26,Female
ORD00844,2024-01-25,South,Furniture,Sofa,1,35146.11,35146.11,8688.36,64,Female
ORD00845,2025-12-04,South,Furniture,Sofa,4,32940.72,131762.88,37901.82,56,Female
ORD00846,2024-07-16,North,Furniture,Sofa,3,34596.53,103789.59,29110.91,58,Male
ORD00847,2024-08-29,North,Furniture,Table,3,11020.22,33060.66,9081.21,45,Female
ORD00848,2024-10-19,West,Furniture,Chair,3,4699.51,14098.53,2487.9,58,Male
ORD00849,2025-03-27,West,Furniture,Chair,8,4122.01,32976.08,6916.29,50,Female
ORD00850,2024-11-03,South,Electronics,Headphones,8,2711.89,21695.12,2563.1,53,Male
ORD00851,2024-03-14,East,Furniture,Chair,7,4467.29,31271.03,6450.34,26,Female
ORD00852,2025-01-18,West,Furniture,Table,3,12998.72,38996.16,10889.61,43,Female
ORD00853,2024-02-09,North,Clothing,T-Shirt,6,879.13,5274.78,1393.84,42,Male
ORD00854,2025-12-27,West,Furniture,Table,7,13097.03,91679.21,24087.48,58,Female
ORD00855,2025-01-05,North,Electronics,Laptop,7,59691.71,417841.97,64166.5,62,Male
ORD00856,2025-11-09,South,Furniture,Chair,8,4899.84,39198.72,7334.56,18,Male
ORD00857,2024-07-12,West,Electronics,Smartphone,7,24488.33,171418.31,23761.33,28,Female
ORD00858,2025-02-25,North,Furniture,Chair,5,4500.58,22502.9,6368.27,24,Female
ORD00859,2024-06-21,West,Electronics,Headphones,5,3149.24,15746.2,2724.12,18,Male
ORD00860,2025-01-18,South,Electronics,Smartphone,7,25124.81,175873.67,25581.2,63,Male
ORD00861,2024-07-09,South,Furniture,Table,8,11236.76,89894.08,19560.87,21,Male
ORD00862,2024-04-21,South,Furniture,Table,5,13159.07,65795.35,14219.0,23,Female
ORD00863,2025-05-11,North,Electronics,Smartphone,7,23123.41,161863.87,13989.29,18,Male
ORD00864,2024-01-08,West,Furniture,Chair,1,4648.79,4648.79,726.51,56,Female
ORD00865,2024-12-17,East,Clothing,Jeans,8,1892.49,15139.92,5849.64,33,Female
ORD00866,2024-01-04,West,Clothing,T-Shirt,7,919.95,6439.65,2648.33,62,Female
ORD00867,2024-09-11,East,Electronics,Headphones,1,3061.15,3061.15,510.91,46,Female
ORD00868,2025-10-10,East,Clothing,T-Shirt,4,810.56,3242.24,1019.48,20,Female
ORD00869,2025-03-14,West,Clothing,Jeans,4,1838.43,7353.72,1958.1,60,Male
ORD00870,2025-05-31,North,Clothing,T-Shirt,5,919.29,4596.45,1954.63,26,Female
ORD00871,2025-04-01,North,Electronics,Smartphone,5,26661.77,133308.85,23946.33,48,Male
ORD00872,2024-01-30,South,Furniture,Table,4,11209.04,44836.16,11432.61,38,Female
ORD00873,2025-11-12,South,Furniture,Chair,4,4697.26,18789.04,5500.03,52,Female
ORD00874,2025-10-21,East,Electronics,Smartphone,6,26859.7,161158.2,27909.05,42,Female
ORD00875,2025-08-29,South,Clothing,T-Shirt,4,850.24,3400.96,910.87,65,Male
ORD00876,2024-03-04,South,Furniture,Sofa,3,37473.31,112419.93,26591.53,42,Female
ORD00877,2025-08-27,South,Furniture,Sofa,6,37082.63,222495.78,37589.8,24,Female
ORD00878,2025-11-27,West,Electronics,Laptop,8,52975.19,423801.52,68492.6,27,Female
ORD00879,2025-12-24,West,Electronics,Headphones,1,3059.33,3059.33,339.25,58,Male
ORD00880,2024-08-03,South,Clothing,Jeans,5,1873.49,9367.45,2966.01,62,Male
ORD00881,2024-06-12,North,Electronics,Headphones,8,3136.44,25091.52,2757.81,53,Female
ORD00882,2025-06-24,East,Furniture,Sofa,7,36245.29,253717.03,66894.3,36,Male
ORD00883,2025-12-27,East,Clothing,T-Shirt,2,833.56,1667.12,685.21,47,Male
ORD00884,2024-07-19,North,Electronics,Headphones,8,3117.57,24940.56,2721.22,41,Male
ORD00885,2024-04-08,East,Electronics,Headphones,7,3270.24,22891.68,2809.06,48,Male
ORD00886,2025-10-04,West,Electronics,Laptop,2,60283.04,120566.08,17483.26,33,Male
ORD00887,2025-01-19,North,Electronics,Smartphone,4,24483.22,97932.88,10798.96,47,Female
ORD00888,2025-11-15,South,Furniture,Chair,8,4380.59,35044.72,5691.11,19,Female
ORD00889,2025-03-20,East,Furniture,Chair,2,4764.91,9529.82,2121.61,54,Male
ORD00890,2025-12-18,North,Electronics,Smartphone,6,22817.49,136904.94,23395.42,43,Female
ORD00891,2025-09-05,South,Electronics,Smartphone,2,26267.54,52535.08,5292.72,18,Female
ORD00892,2024-09-19,North,Furniture,Sofa,2,31774.0,63548.0,15753.3,23,Male
ORD00893,2024-09-11,East,Furniture,Chair,6,4919.65,29517.9,8753.99,20,Female
ORD00894,2024-12-26,South,Clothing,Jeans,3,1827.75,5483.25,2452.13,62,Male
ORD00895,2024-05-17,South,Electronics,Laptop,4,49904.07,199616.28,18797.21,55,Female
ORD00896,2025-10-27,South,Furniture,Chair,3,4706.19,14118.57,3282.25,43,Female
ORD00897,2025-10-06,East,Electronics,Smartphone,5,25882.63,129413.15,22520.47,58,Male
ORD00898,2024-01-27,South,Furniture,Sofa,3,34437.81,103313.43,30877.01,22,Female
ORD00899,2024-12-07,East,Electronics,Smartphone,2,25919.9,51839.8,6255.93,27,Male
ORD00900,2024-05-06,South,Furniture,Chair,1,4138.15,4138.15,758.66,51,Female
ORD00901,2025-09-14,North,Clothing,Jeans,2,1810.43,3620.86,1304.63,21,Male
ORD00902,2025-07-18,West,Furniture,Sofa,7,32764.71,229352.97,57721.67,48,Male
ORD00903,2025-08-04,East,Furniture,Chair,1,4667.99,4667.99,1160.62,21,Female
ORD00904,2025-05-29,East,Furniture,Table,7,12496.29,87474.03,26061.74,35,Female
ORD00905,2024-04-02,North,Furniture,Table,5,12325.52,61627.6,12069.72,22,Male
ORD00906,2024-01-11,West,Electronics,Smartphone,3,25376.58,76129.74,6734.32,61,Male
ORD00907,2025-02-19,North,Clothing,Jeans,8,1805.4,14443.2,5626.73,57,Male
ORD00908,2025-06-24,North,Electronics,Laptop,7,57228.51,400599.57,62079.63,56,Female
ORD00909,2024-02-22,West,Electronics,Headphones,4,2804.89,11219.56,1309.38,49,Female
ORD00910,2024-04-30,East,Electronics,Headphones,6,3281.84,19691.04,2240.76,37,Female
ORD00911,2024-11-08,North,Furniture,Chair,5,4241.76,21208.8,4990.99,47,Female
ORD00912,2024-12-24,South,Electronics,Laptop,6,49564.8,297388.8,37481.51,43,Female
ORD00913,2025-02-24,North,Electronics,Laptop,2,54238.84,108477.68,10821.13,49,Male
ORD00914,2024-07-05,East,Electronics,Headphones,5,2835.66,14178.3,1694.82,24,Female
ORD00915,2025-12-27,South,Clothing,Jeans,3,1670.35,5011.05,2138.29,25,Male
ORD00916,2025-11-13,South,Furniture,Chair,1,4170.31,4170.31,832.74,48,Female
ORD00917,2025-02-13,West,Electronics,Smartphone,7,24945.34,174617.38,22622.86,26,Male
ORD00918,2024-02-23,East,Electronics,Smartphone,1,23130.62,23130.62,2646.42,45,Male
ORD00919,2024-06-05,South,Clothing,T-Shirt,8,862.1,6896.8,2065.93,33,Female
ORD00920,2025-12-24,North,Electronics,Smartphone,5,27471.29,137356.45,14386.09,62,Male
ORD00921,2024-05-29,West,Furniture,Table,3,11350.52,34051.56,5303.7,19,Male
ORD00922,2024-08-15,East,Electronics,Smartphone,1,24401.76,24401.76,3233.16,45,Female
ORD00923,2024-12-25,West,Electronics,Laptop,7,56582.6,396078.2,43738.52,33,Female
ORD00924,2025-04-28,East,Electronics,Laptop,3,49949.78,149849.34,12769.12,56,Male
ORD00925,2025-11-16,North,Clothing,T-Shirt,3,855.41,2566.23,698.8,61,Male
ORD00926,2025-01-15,South,Furniture,Sofa,6,36689.04,220134.24,58736.49,59,Female
ORD00927,2024-02-12,South,Furniture,Table,7,11009.35,77065.45,18837.4,30,Female
ORD00928,2024-07-25,South,Electronics,Smartphone,2,27209.09,54418.18,7722.0,20,Male
ORD00929,2025-07-27,East,Furniture,Table,7,12121.19,84848.33,23890.01,41,Female
ORD00930,2024-01-23,South,Electronics,Smartphone,7,22838.54,159869.78,19488.19,56,Female
ORD00931,2025-02-11,West,Electronics,Headphones,5,2727.27,13636.35,1862.96,61,Male
ORD00932,2024-10-05,South,Electronics,Headphones,8,3150.44,25203.52,2984.48,29,Male
ORD00933,2025-05-30,East,Electronics,Headphones,4,3055.27,12221.08,988.52,37,Male
ORD00934,2024-02-10,South,Furniture,Chair,5,4546.94,22734.7,3565.75,35,Male
ORD00935,2024-01-02,East,Furniture,Chair,1,4628.17,4628.17,1265.86,58,Female
ORD00936,2025-09-18,East,Furniture,Sofa,2,38124.99,76249.98,14457.43,38,Male
ORD00937,2025-07-04,North,Electronics,Laptop,6,51912.08,311472.48,54981.98,64,Female
ORD00938,2025-02-08,South,Furniture,Chair,4,4785.16,19140.64,3642.83,46,Male
ORD00939,2024-06-29,South,Clothing,T-Shirt,6,836.7,5020.2,1716.3,54,Female
ORD00940,2025-09-14,South,Electronics,Headphones,5,2712.63,13563.15,1306.02,22,Male
ORD00941,2025-06-23,South,Electronics,Smartphone,7,23726.27,166083.89,28385.91,64,Male
ORD00942,2024-02-14,South,Electronics,Smartphone,7,24419.95,170939.65,15556.12,33,Male
ORD00943,2024-04-18,East,Furniture,Chair,3,4894.74,14684.22,3948.0,63,Male
ORD00944,2024-12-05,West,Furniture,Table,3,11953.02,35859.06,7768.83,27,Male
ORD00945,2024-10-30,North,Electronics,Laptop,5,56402.34,282011.7,26031.81,50,Female
ORD00946,2025-11-02,East,Electronics,Headphones,1,3247.3,3247.3,267.58,32,Female
ORD00947,2024-12-31,North,Electronics,Smartphone,8,23347.8,186782.4,16999.73,57,Female
ORD00948,2024-07-01,West,Electronics,Smartphone,6,27116.6,162699.6,27982.27,51,Female
ORD00949,2024-12-22,North,Electronics,Headphones,7,2790.13,19530.91,2865.72,35,Female
ORD00950,2024-06-01,South,Furniture,Sofa,5,37175.04,185875.2,30010.56,38,Male
ORD00951,2025-08-14,West,Clothing,T-Shirt,8,939.84,7518.72,1980.9,64,Female
ORD00952,2025-05-21,West,Electronics,Headphones,2,2893.83,5787.66,536.83,48,Female
ORD00953,2025-05-24,West,Furniture,Sofa,3,37114.99,111344.97,20808.84,52,Male
ORD00954,2024-08-12,North,Clothing,T-Shirt,2,914.57,1829.14,710.99,33,Female
ORD00955,2024-04-22,North,Electronics,Laptop,4,60432.96,241731.84,19753.23,40,Female
ORD00956,2025-03-07,South,Electronics,Headphones,5,2976.23,14881.15,2433.44,31,Male
ORD00957,2025-12-13,West,Electronics,Laptop,3,50789.59,152368.77,22791.03,41,Male
ORD00958,2024-05-24,North,Electronics,Smartphone,2,24884.13,49768.26,6937.33,33,Male
ORD00959,2025-12-16,East,Electronics,Laptop,7,51146.89,358028.23,35173.57,48,Female
ORD00960,2025-10-19,North,Furniture,Sofa,8,36969.78,295758.24,57085.88,56,Male
ORD00961,2025-12-29,East,Electronics,Headphones,1,2937.83,2937.83,359.48,54,Female
ORD00962,2024-05-08,South,Furniture,Table,7,13035.48,91248.36,14945.61,43,Male
ORD00963,2025-12-10,West,Furniture,Table,7,11240.87,78686.09,18404.22,48,Female
ORD00964,2024-04-21,North,Clothing,T-Shirt,7,839.67,5877.69,1698.34,22,Female
ORD00965,2024-01-12,East,Furniture,Sofa,1,33176.71,33176.71,5506.33,30,Male
ORD00966,2025-05-10,North,Electronics,Laptop,4,52460.85,209843.4,37282.1,21,Female
ORD00967,2024-07-18,East,Electronics,Smartphone,5,22542.39,112711.95,13036.82,43,Female
ORD00968,2024-06-02,North,Electronics,Headphones,2,2898.79,5797.58,983.57,55,Female
ORD00969,2024-04-05,South,Clothing,Jeans,1,1724.44,1724.44,736.41,31,Male
ORD00970,2025-03-17,North,Electronics,Headphones,6,2968.49,17810.94,1658.55,63,Female
ORD00971,2025-05-24,North,Furniture,Table,4,13192.82,52771.28,15499.05,18,Male
ORD00972,2024-03-10,East,Furniture,Chair,2,4499.02,8998.04,1578.77,54,Female
ORD00973,2024-09-19,West,Furniture,Sofa,2,31997.94,63995.88,14022.21,59,Male
ORD00974,2025-11-27,South,Electronics,Smartphone,8,22697.96,181583.68,30124.79,46,Female
ORD00975,2025-11-29,North,Furniture,Sofa,6,32084.43,192506.58,41872.85,57,Male
ORD00976,2024-03-15,South,Furniture,Table,1,11170.95,11170.95,2305.39,42,Female
ORD00977,2024-03-28,South,Electronics,Smartphone,6,24829.39,148976.34,21489.61,64,Male
ORD00978,2025-05-12,South,Clothing,T-Shirt,7,845.9,5921.3,2660.37,62,Female
ORD00979,2024-08-06,East,Electronics,Smartphone,5,24772.89,123864.45,16660.77,54,Male
ORD00980,2024-02-25,South,Clothing,T-Shirt,1,978.56,978.56,337.29,19,Female
ORD00981,2024-11-01,West,Furniture,Chair,5,4622.12,23110.6,3706.68,44,Male
ORD00982,2024-10-31,South,Furniture,Chair,3,4797.49,14392.47,4105.4,30,Female
ORD00983,2024-12-29,West,Clothing,T-Shirt,8,895.59,7164.72,2789.5,18,Male
ORD00984,2024-11-20,North,Electronics,Smartphone,3,24118.66,72355.98,12925.44,27,Female
ORD00985,2025-06-17,North,Electronics,Headphones,8,3218.58,25748.64,2352.41,46,Male
ORD00986,2024-06-19,West,Clothing,Jeans,2,1633.13,3266.26,1271.52,31,Female
ORD00987,2024-01-17,East,Furniture,Table,4,13132.19,52528.76,7992.55,37,Male
ORD00988,2024-12-09,North,Clothing,Jeans,8,1769.06,14152.48,4743.48,29,Female
ORD00989,2025-11-06,West,Clothing,T-Shirt,6,841.84,5051.04,1648.22,58,Female
ORD00990,2025-02-25,North,Electronics,Smartphone,2,26529.7,53059.4,4795.57,49,Male
ORD00991,2025-07-18,West,Clothing,Jeans,1,1860.38,1860.38,754.15,25,Male
ORD00992,2025-10-22,West,Clothing,Jeans,2,1746.22,3492.44,1507.33,18,Female
ORD00993,2025-02-28,South,Furniture,Table,5,11442.26,57211.3,11219.68,18,Female
ORD00994,2025-09-06,East,Electronics,Laptop,1,49788.71,49788.71,7918.94,39,Male
ORD00995,2024-02-22,West,Clothing,T-Shirt,4,910.03,3640.12,1196.37,26,Female
ORD00996,2024-05-09,North,Electronics,Headphones,7,3242.5,22697.5,2989.89,58,Female
ORD00997,2025-10-05,South,Furniture,Chair,3,4903.83,14711.49,2412.53,19,Male
ORD00998,2025-01-01,South,Clothing,T-Shirt,1,943.62,943.62,355.08,33,Male
ORD00999,2024-09-23,North,Furniture,Chair,4,4531.88,18127.52,4840.13,35,Male
ORD01000,2025-09-02,North,Electronics,Headphones,1,3083.03,3083.03,425.26,24,Male
